-- DDL (data definition launguage) - язык определени€ данных
-- create, alter, drop


drop database if exists vk;
create database vk;
use vk;

drop table if exists users;
create table users(
	-- первичный ключ
	id SERIAL primary key, -- SERIAL = BIGINT UNSIGNED NOT NULL AUTO_INCREMENT UNIQUE 
	
	firstname VARCHAR(100) comment '»м€',
	lastname VARCHAR(100) comment '‘амили€',
	email VARCHAR(100) unique,
	password_hash VARCHAR(100),
	-- phone VARCHAR,
	phone bigint,
	
	-- индексы	
	index users_phone_idx(phone), 
	index (firstname, lastname) -- дл€ быстрого поиска людей по ‘»ќ	
	
	-- внешние ключи
);

drop table if exists `profiles`;
create table `profiles`(
	user_id SERIAL primary key,
	gender CHAR(1),
	birthday DATE,
	photo_id BIGINT unsigned null,
	hometown varchar(100),
	created_at DATETIME default NOW()
);

alter table `profiles`
	add constraint fk_user_id
	foreign key (user_id) references users(id)
	on update cascade
	on delete restrict
;

drop table if exists `massages`;
create table `massages`(
	id SERIAL primary key,
	from_user_id BIGINT unsigned not null,
	to_user_id BIGINT unsigned not null,
	body text,
	created_at DATETIME default NOW(),
	
	index (from_user_id),
	index (to_user_id),
	foreign key (from_user_id) references users(id),
	foreign key (to_user_id) references users(id)
);


drop table if exists `friend_requests`;
create table `friend_requests`(
	initiator_user_id BIGINT unsigned not null,
	target_user_id BIGINT unsigned not null,
	status ENUM('requested', 'approved', 'declined', 'unfriends'),
	requested_at DATETIME default NOW(),
	updated_at DATETIME,
	
	primary key (initiator_user_id, target_user_id), -- составной первичный ключ
	index (initiator_user_id),
	index (target_user_id),
	foreign key (initiator_user_id) references users(id),
	foreign key (target_user_id) references users(id)
);

drop table if exists communities;
create table communities(
	id SERIAL primary key,
	name VARCHAR(150),
	
	index (name)
);

drop table if exists `users_communities`;
create table `users_communities`(
	user_id BIGINT unsigned not null,
	community_id BIGINT unsigned not null,
	
	primary key (user_id, community_id),
	foreign key (user_id) references users(id),
	foreign key (community_id) references communities(id)
);

drop table if exists `media_types`;
create table `media_types`(
	id SERIAL primary key,
	name VARCHAR(150),
	created_at DATETIME default NOW()
);

drop table if exists `media`;
create table `media`(
	id SERIAL,
	media_type_id BIGINT unsigned not null,
	user_id BIGINT unsigned not null,
	body TEXT,
	filename VARCHAR(255),
	`size` int,
	metadata JSON,
	created_at DATETIME default NOW(),
	updated_at DATETIME default current_timestamp on update current_timestamp,
	
	primary key (id),
	index(user_id),
	foreign key (user_id) references users(id),
	foreign key (media_type_id) references media_types(id)
	
);

drop table if exists likes_media;
create table likes_media(
	id SERIAL,
	user_id BIGINT unsigned not null,
	media_id BIGINT unsigned not null,
	created_at DATETIME default NOW(),
	
	primary key (id),
	foreign key (user_id) references users(id),
	foreign key (media_id) references media(id)
);



drop table if exists photo_albums;
create table photo_albums(
	id SERIAL,
	name VARCHAR(150),
	user_id BIGINT unsigned not null,
	
	primary key (id),
	foreign key (user_id) references users(id)
);


drop table if exists photos;
create table photos(
	id SERIAL,
	album_id BIGINT unsigned not null,
	media_id BIGINT unsigned not null,
	
	primary key (id),
	foreign key (album_id) references photo_albums(id),
	foreign key (media_id) references media(id)
);


drop table if exists likes_massages;
create table likes_massages(
	id SERIAL,
	user_id BIGINT unsigned not null,
	massages_id BIGINT unsigned not null,
	created_at DATETIME default NOW(),
	
	primary key (id),
	foreign key (user_id) references users(id),
	foreign key (massages_id) references massages(id)
);


drop table if exists likes_users;
create table likes_users(
	id SERIAL,
	user_id BIGINT unsigned not null,
	from_user_id BIGINT unsigned not null,
	created_at DATETIME default NOW(),
	
	primary key (id),
	foreign key (user_id) references users(id),
	foreign key (from_user_id) references users(id)
);


use vk;

INSERT INTO `communities` (`id`, `name`) VALUES ('24', 'abshiretorp.info');
INSERT INTO `communities` (`id`, `name`) VALUES ('63', 'adams.net');
INSERT INTO `communities` (`id`, `name`) VALUES ('14', 'adams.org');
INSERT INTO `communities` (`id`, `name`) VALUES ('1', 'bauchmorar.biz');
INSERT INTO `communities` (`id`, `name`) VALUES ('49', 'block.com');
INSERT INTO `communities` (`id`, `name`) VALUES ('82', 'boehmdickinson.info');
INSERT INTO `communities` (`id`, `name`) VALUES ('61', 'borer.com');
INSERT INTO `communities` (`id`, `name`) VALUES ('57', 'bosco.com');
INSERT INTO `communities` (`id`, `name`) VALUES ('53', 'brakusconnelly.com');
INSERT INTO `communities` (`id`, `name`) VALUES ('55', 'champlin.net');
INSERT INTO `communities` (`id`, `name`) VALUES ('96', 'champlincrist.com');
INSERT INTO `communities` (`id`, `name`) VALUES ('94', 'collier.com');
INSERT INTO `communities` (`id`, `name`) VALUES ('71', 'collins.com');
INSERT INTO `communities` (`id`, `name`) VALUES ('91', 'corkery.com');
INSERT INTO `communities` (`id`, `name`) VALUES ('56', 'cremin.com');
INSERT INTO `communities` (`id`, `name`) VALUES ('78', 'crookskuhn.biz');
INSERT INTO `communities` (`id`, `name`) VALUES ('35', 'cruickshankhodkiewicz.com');
INSERT INTO `communities` (`id`, `name`) VALUES ('97', 'cummerata.com');
INSERT INTO `communities` (`id`, `name`) VALUES ('62', 'dickibreitenberg.com');
INSERT INTO `communities` (`id`, `name`) VALUES ('93', 'dickinsonreichel.biz');
INSERT INTO `communities` (`id`, `name`) VALUES ('76', 'dietrichratke.com');
INSERT INTO `communities` (`id`, `name`) VALUES ('22', 'fadel.com');
INSERT INTO `communities` (`id`, `name`) VALUES ('34', 'gleason.info');
INSERT INTO `communities` (`id`, `name`) VALUES ('69', 'goyettecartwright.com');
INSERT INTO `communities` (`id`, `name`) VALUES ('44', 'grady.net');
INSERT INTO `communities` (`id`, `name`) VALUES ('90', 'gradyortiz.info');
INSERT INTO `communities` (`id`, `name`) VALUES ('26', 'hane.biz');
INSERT INTO `communities` (`id`, `name`) VALUES ('33', 'harber.biz');
INSERT INTO `communities` (`id`, `name`) VALUES ('80', 'hartmann.biz');
INSERT INTO `communities` (`id`, `name`) VALUES ('8', 'harveyshields.net');
INSERT INTO `communities` (`id`, `name`) VALUES ('13', 'heaney.info');
INSERT INTO `communities` (`id`, `name`) VALUES ('86', 'heaneynikolaus.com');
INSERT INTO `communities` (`id`, `name`) VALUES ('64', 'hettinger.com');
INSERT INTO `communities` (`id`, `name`) VALUES ('79', 'hettinger.com');
INSERT INTO `communities` (`id`, `name`) VALUES ('27', 'hickle.com');
INSERT INTO `communities` (`id`, `name`) VALUES ('100', 'hodkiewicz.com');
INSERT INTO `communities` (`id`, `name`) VALUES ('19', 'jaskolski.com');
INSERT INTO `communities` (`id`, `name`) VALUES ('73', 'jast.com');
INSERT INTO `communities` (`id`, `name`) VALUES ('17', 'johns.com');
INSERT INTO `communities` (`id`, `name`) VALUES ('23', 'kassulke.com');
INSERT INTO `communities` (`id`, `name`) VALUES ('31', 'keeling.biz');
INSERT INTO `communities` (`id`, `name`) VALUES ('40', 'kilback.net');
INSERT INTO `communities` (`id`, `name`) VALUES ('9', 'king.com');
INSERT INTO `communities` (`id`, `name`) VALUES ('77', 'klein.com');
INSERT INTO `communities` (`id`, `name`) VALUES ('4', 'kovacek.com');
INSERT INTO `communities` (`id`, `name`) VALUES ('85', 'kovacek.net');
INSERT INTO `communities` (`id`, `name`) VALUES ('11', 'krajcik.org');
INSERT INTO `communities` (`id`, `name`) VALUES ('45', 'kuhicgusikowski.com');
INSERT INTO `communities` (`id`, `name`) VALUES ('60', 'labadie.com');
INSERT INTO `communities` (`id`, `name`) VALUES ('12', 'larkin.com');
INSERT INTO `communities` (`id`, `name`) VALUES ('43', 'larson.com');
INSERT INTO `communities` (`id`, `name`) VALUES ('18', 'lehner.org');
INSERT INTO `communities` (`id`, `name`) VALUES ('29', 'lind.com');
INSERT INTO `communities` (`id`, `name`) VALUES ('83', 'lueilwitz.biz');
INSERT INTO `communities` (`id`, `name`) VALUES ('38', 'maggio.biz');
INSERT INTO `communities` (`id`, `name`) VALUES ('88', 'marks.com');
INSERT INTO `communities` (`id`, `name`) VALUES ('2', 'mcclure.org');
INSERT INTO `communities` (`id`, `name`) VALUES ('98', 'medhurstkutch.com');
INSERT INTO `communities` (`id`, `name`) VALUES ('39', 'moen.com');
INSERT INTO `communities` (`id`, `name`) VALUES ('41', 'moenbarrows.net');
INSERT INTO `communities` (`id`, `name`) VALUES ('42', 'mohr.biz');
INSERT INTO `communities` (`id`, `name`) VALUES ('68', 'monahanhoeger.biz');
INSERT INTO `communities` (`id`, `name`) VALUES ('16', 'mraz.com');
INSERT INTO `communities` (`id`, `name`) VALUES ('99', 'mrazcorkery.com');
INSERT INTO `communities` (`id`, `name`) VALUES ('70', 'mullerhowell.biz');
INSERT INTO `communities` (`id`, `name`) VALUES ('72', 'nader.com');
INSERT INTO `communities` (`id`, `name`) VALUES ('32', 'naderrau.com');
INSERT INTO `communities` (`id`, `name`) VALUES ('10', 'okonterry.info');
INSERT INTO `communities` (`id`, `name`) VALUES ('48', 'osinskimuller.com');
INSERT INTO `communities` (`id`, `name`) VALUES ('75', 'price.net');
INSERT INTO `communities` (`id`, `name`) VALUES ('25', 'quigley.net');
INSERT INTO `communities` (`id`, `name`) VALUES ('46', 'raynor.com');
INSERT INTO `communities` (`id`, `name`) VALUES ('36', 'reichel.com');
INSERT INTO `communities` (`id`, `name`) VALUES ('59', 'reichert.com');
INSERT INTO `communities` (`id`, `name`) VALUES ('20', 'reillywilkinson.info');
INSERT INTO `communities` (`id`, `name`) VALUES ('6', 'rice.info');
INSERT INTO `communities` (`id`, `name`) VALUES ('30', 'ritchie.com');
INSERT INTO `communities` (`id`, `name`) VALUES ('95', 'russelgerhold.com');
INSERT INTO `communities` (`id`, `name`) VALUES ('15', 'russelgoyette.com');
INSERT INTO `communities` (`id`, `name`) VALUES ('50', 'schaden.com');
INSERT INTO `communities` (`id`, `name`) VALUES ('84', 'schowalter.info');
INSERT INTO `communities` (`id`, `name`) VALUES ('89', 'schulistosinski.org');
INSERT INTO `communities` (`id`, `name`) VALUES ('21', 'sipes.net');
INSERT INTO `communities` (`id`, `name`) VALUES ('3', 'sporer.com');
INSERT INTO `communities` (`id`, `name`) VALUES ('81', 'stark.org');
INSERT INTO `communities` (`id`, `name`) VALUES ('74', 'terry.com');
INSERT INTO `communities` (`id`, `name`) VALUES ('92', 'tillmanschneider.org');
INSERT INTO `communities` (`id`, `name`) VALUES ('7', 'townemohr.org');
INSERT INTO `communities` (`id`, `name`) VALUES ('52', 'tremblay.com');
INSERT INTO `communities` (`id`, `name`) VALUES ('5', 'tremblaymcclure.org');
INSERT INTO `communities` (`id`, `name`) VALUES ('47', 'vonruedengleason.com');
INSERT INTO `communities` (`id`, `name`) VALUES ('28', 'weimann.com');
INSERT INTO `communities` (`id`, `name`) VALUES ('51', 'weimann.com');
INSERT INTO `communities` (`id`, `name`) VALUES ('65', 'white.com');
INSERT INTO `communities` (`id`, `name`) VALUES ('87', 'wilderman.org');
INSERT INTO `communities` (`id`, `name`) VALUES ('66', 'wisoky.com');
INSERT INTO `communities` (`id`, `name`) VALUES ('54', 'wunsch.com');
INSERT INTO `communities` (`id`, `name`) VALUES ('67', 'zboncak.com');
INSERT INTO `communities` (`id`, `name`) VALUES ('37', 'zboncakschmidt.com');
INSERT INTO `communities` (`id`, `name`) VALUES ('58', 'ziemannhickle.com');

INSERT INTO `users` (`id`, `firstname`, `lastname`, `email`, `password_hash`, `phone`) VALUES ('1', 'Lillian', 'Gottlieb', 'thea84@example.org', 'bc2124573d8a365c2a37cb067236f57a4d022db3', '611703026');
INSERT INTO `users` (`id`, `firstname`, `lastname`, `email`, `password_hash`, `phone`) VALUES ('2', 'Ibrahim', 'Torphy', 'rodriguez.kobe@example.com', 'a6fd2b9f3f92dc83b797c881f884445a0ab17cb4', '0');
INSERT INTO `users` (`id`, `firstname`, `lastname`, `email`, `password_hash`, `phone`) VALUES ('3', 'Sam', 'Langworth', 'alvis.carter@example.com', '7f9da5056c4d5b68f9ee703a518cf8838198c872', '2713097671');
INSERT INTO `users` (`id`, `firstname`, `lastname`, `email`, `password_hash`, `phone`) VALUES ('4', 'Abelardo', 'Wolff', 'jarrell.yost@example.org', '6c966e17d7061eda47d682a2c965dce1825c98df', '73');
INSERT INTO `users` (`id`, `firstname`, `lastname`, `email`, `password_hash`, `phone`) VALUES ('5', 'Gabe', 'Ebert', 'jkeebler@example.net', '3b91d38e9fc8f11d7d389a2e0da0612821e15711', '329');
INSERT INTO `users` (`id`, `firstname`, `lastname`, `email`, `password_hash`, `phone`) VALUES ('6', 'Claire', 'Ratke', 'jeremy34@example.org', '053065749f2611dfa381d6647e7a9819261e1ff3', '812779');
INSERT INTO `users` (`id`, `firstname`, `lastname`, `email`, `password_hash`, `phone`) VALUES ('7', 'Trevor', 'Cassin', 'qsporer@example.net', '803553e657d7bc1555bf39623c6eab63661fddae', '2079729049');
INSERT INTO `users` (`id`, `firstname`, `lastname`, `email`, `password_hash`, `phone`) VALUES ('8', 'Luz', 'Koepp', 'lkoch@example.org', '79188289fb8ef0370c0d142458f85ec6ff7609f7', '0');
INSERT INTO `users` (`id`, `firstname`, `lastname`, `email`, `password_hash`, `phone`) VALUES ('9', 'Dell', 'Mitchell', 'domingo.becker@example.org', 'ffdb8618ef8fd245a5c5fc674d205503d8b50e99', '0');
INSERT INTO `users` (`id`, `firstname`, `lastname`, `email`, `password_hash`, `phone`) VALUES ('10', 'Bryce', 'Jenkins', 'steve.fahey@example.com', '8bb797804da5415ae53c1ad98a5fa6eda177eee2', '94');
INSERT INTO `users` (`id`, `firstname`, `lastname`, `email`, `password_hash`, `phone`) VALUES ('11', 'Evans', 'Beer', 'reed34@example.com', '629cb66ad7d5b6f415a93e35ce7253dbd9269b02', '293905');
INSERT INTO `users` (`id`, `firstname`, `lastname`, `email`, `password_hash`, `phone`) VALUES ('12', 'Eden', 'Schmitt', 'hazle36@example.com', 'fb95f44480f9eab0c385769c74169fc8d65249c7', '1');
INSERT INTO `users` (`id`, `firstname`, `lastname`, `email`, `password_hash`, `phone`) VALUES ('13', 'Rosalyn', 'Gorczany', 'palma42@example.com', '3dc86685ef19a04730548b375ecb7e77b3895a8f', '680020');
INSERT INTO `users` (`id`, `firstname`, `lastname`, `email`, `password_hash`, `phone`) VALUES ('14', 'Cordell', 'O\'Kon', 'nmohr@example.com', 'f6892c487da57ca4f4f681e2cfd4db55ef1fc736', '123448');
INSERT INTO `users` (`id`, `firstname`, `lastname`, `email`, `password_hash`, `phone`) VALUES ('15', 'Billie', 'Marquardt', 'pamela64@example.com', '46cbc90caf4552cf82a884b3d3e85631ec1d1918', '0');
INSERT INTO `users` (`id`, `firstname`, `lastname`, `email`, `password_hash`, `phone`) VALUES ('16', 'Telly', 'McLaughlin', 'pfannerstill.skylar@example.net', 'daf89dc15dd0f186ebebe7243f208511dab33281', '0');
INSERT INTO `users` (`id`, `firstname`, `lastname`, `email`, `password_hash`, `phone`) VALUES ('17', 'Reina', 'Cassin', 'ufarrell@example.org', '49e3b33c5a563dc7066458f9f7b53f469153361e', '0');
INSERT INTO `users` (`id`, `firstname`, `lastname`, `email`, `password_hash`, `phone`) VALUES ('18', 'Jairo', 'Stokes', 'weissnat.silas@example.org', 'a08a14a41c5968ac69d094c045f9bede053c716f', '143647');
INSERT INTO `users` (`id`, `firstname`, `lastname`, `email`, `password_hash`, `phone`) VALUES ('19', 'Arlene', 'Strosin', 'juliana.d\'amore@example.com', 'f82f15ec94df6ad309ed2195238473782e48bf25', '90');
INSERT INTO `users` (`id`, `firstname`, `lastname`, `email`, `password_hash`, `phone`) VALUES ('20', 'Crawford', 'Kozey', 'elmo.marks@example.org', 'ffd71fa17b753b16685ed06dc5f2fa2aed5b79f8', '1');
INSERT INTO `users` (`id`, `firstname`, `lastname`, `email`, `password_hash`, `phone`) VALUES ('21', 'Jodie', 'Koch', 'greyson.bosco@example.com', '036261c4fd1854c2bd18c7cd259ddc66b2bd1820', '0');
INSERT INTO `users` (`id`, `firstname`, `lastname`, `email`, `password_hash`, `phone`) VALUES ('22', 'Madisyn', 'Sporer', 'arnold.leannon@example.org', '643ea559f3fdba3322a7541620eecf70aed802b4', '1');
INSERT INTO `users` (`id`, `firstname`, `lastname`, `email`, `password_hash`, `phone`) VALUES ('23', 'Frankie', 'Brekke', 'nlang@example.com', 'dc86c9d9603bc79926273109e11a2ccbe15a3fdc', '34');
INSERT INTO `users` (`id`, `firstname`, `lastname`, `email`, `password_hash`, `phone`) VALUES ('24', 'Audreanne', 'Haag', 'tyrique.ebert@example.com', 'e42d29763556f209ac819db9e0ba91cd6e1a0b4f', '5844421729');
INSERT INTO `users` (`id`, `firstname`, `lastname`, `email`, `password_hash`, `phone`) VALUES ('25', 'Dawson', 'Yost', 'eichmann.shawn@example.org', '4836cfc974068177215df4293c238675ff3e3de3', '700555');
INSERT INTO `users` (`id`, `firstname`, `lastname`, `email`, `password_hash`, `phone`) VALUES ('26', 'Peyton', 'Lebsack', 'leonor.o\'conner@example.com', '2027361dd79e68fa1e23ad336b1c0e047b46c71a', '43');
INSERT INTO `users` (`id`, `firstname`, `lastname`, `email`, `password_hash`, `phone`) VALUES ('27', 'Liliane', 'Waters', 'glen66@example.net', 'd1e49b1bebf71599e65c1b4ba2b7d5cf7333fd4a', '0');
INSERT INTO `users` (`id`, `firstname`, `lastname`, `email`, `password_hash`, `phone`) VALUES ('28', 'Lily', 'Grady', 'janie21@example.org', '04e9a6674e68ae90d17b878ca28780e15068306c', '1');
INSERT INTO `users` (`id`, `firstname`, `lastname`, `email`, `password_hash`, `phone`) VALUES ('29', 'Abner', 'Adams', 'ibecker@example.com', '2fa61929b4202d1e081eebc212bf55e660fcd57f', '4896249230');
INSERT INTO `users` (`id`, `firstname`, `lastname`, `email`, `password_hash`, `phone`) VALUES ('30', 'Zechariah', 'Mertz', 'xzieme@example.com', '9acf6e3ac46bf879020a0e98ef6fc4d5031e9078', '949681');
INSERT INTO `users` (`id`, `firstname`, `lastname`, `email`, `password_hash`, `phone`) VALUES ('31', 'Alan', 'Nikolaus', 'nikolaus.yolanda@example.net', 'becf5595731b6a78b793d982c51f86b2823112a8', '533');
INSERT INTO `users` (`id`, `firstname`, `lastname`, `email`, `password_hash`, `phone`) VALUES ('32', 'Savion', 'Stiedemann', 'dixie.mosciski@example.com', '509767384cdfa9e030d414c6c9ee55ab9539ce4c', '701');
INSERT INTO `users` (`id`, `firstname`, `lastname`, `email`, `password_hash`, `phone`) VALUES ('33', 'Monica', 'Beahan', 'tyson.donnelly@example.com', '94279c5e676dc3605fadb475a3cc9f376ba5d370', '0');
INSERT INTO `users` (`id`, `firstname`, `lastname`, `email`, `password_hash`, `phone`) VALUES ('34', 'Jordi', 'Grady', 'drunolfsson@example.com', '4f300dfa4f0dbe3dc41b430da67b09b223662117', '1');
INSERT INTO `users` (`id`, `firstname`, `lastname`, `email`, `password_hash`, `phone`) VALUES ('35', 'Elbert', 'Thompson', 'krista81@example.net', 'd21419729cab8f270771b79f63d92cea1863647c', '0');
INSERT INTO `users` (`id`, `firstname`, `lastname`, `email`, `password_hash`, `phone`) VALUES ('36', 'Randi', 'Ritchie', 'zstokes@example.net', '867b0d65d708ec1d45afef9fff579f3559248f82', '902831');
INSERT INTO `users` (`id`, `firstname`, `lastname`, `email`, `password_hash`, `phone`) VALUES ('37', 'Willie', 'McCullough', 'nick82@example.net', '5a2908b3e806175744e89684f66c38a62005a269', '0');
INSERT INTO `users` (`id`, `firstname`, `lastname`, `email`, `password_hash`, `phone`) VALUES ('38', 'Newell', 'Schmidt', 'hilbert.o\'kon@example.org', 'e180da5a1dd043587d74e322d41ce0e05f328798', '1');
INSERT INTO `users` (`id`, `firstname`, `lastname`, `email`, `password_hash`, `phone`) VALUES ('39', 'Esta', 'Bartoletti', 'okuneva.clarabelle@example.com', '97b5f1a3bbb36c01efbe6ef64a7c78acafd249df', '701');
INSERT INTO `users` (`id`, `firstname`, `lastname`, `email`, `password_hash`, `phone`) VALUES ('40', 'Karli', 'Mueller', 'nyasia59@example.net', '4d4960986d10c2ba3380440216ebbe075943ae5d', '883');
INSERT INTO `users` (`id`, `firstname`, `lastname`, `email`, `password_hash`, `phone`) VALUES ('41', 'Ada', 'Keebler', 'dkohler@example.org', '570648bafea1cf2caba32422112fa54825cbbbfa', '0');
INSERT INTO `users` (`id`, `firstname`, `lastname`, `email`, `password_hash`, `phone`) VALUES ('42', 'Hosea', 'Reilly', 'deja30@example.com', 'bcc8fa7bb34e9d8ae44a8c0e6319f6a4c64fd955', '1');
INSERT INTO `users` (`id`, `firstname`, `lastname`, `email`, `password_hash`, `phone`) VALUES ('43', 'Carter', 'Gorczany', 'albert.jaskolski@example.org', '7a4e34175a8d9b7dc5523487cfaec69eb1a52715', '0');
INSERT INTO `users` (`id`, `firstname`, `lastname`, `email`, `password_hash`, `phone`) VALUES ('44', 'Carmen', 'Lehner', 'anna52@example.com', 'd6e93badd2dec7be6d2e25bd85c6ce3090539a68', '1');
INSERT INTO `users` (`id`, `firstname`, `lastname`, `email`, `password_hash`, `phone`) VALUES ('45', 'Aurelia', 'Nienow', 'jvon@example.org', 'f1d355ae46c5f96ad2e1ad58dd0f1f4279f9b37e', '638');
INSERT INTO `users` (`id`, `firstname`, `lastname`, `email`, `password_hash`, `phone`) VALUES ('46', 'Madelyn', 'Feest', 'boehm.kaya@example.com', '9bf65700f14bc1b88670377e7c719fe066a0d255', '271862');
INSERT INTO `users` (`id`, `firstname`, `lastname`, `email`, `password_hash`, `phone`) VALUES ('47', 'Sophie', 'Hansen', 'reed20@example.net', '5090852dfea7f59079464ca0c463e08f6774e254', '79993');
INSERT INTO `users` (`id`, `firstname`, `lastname`, `email`, `password_hash`, `phone`) VALUES ('48', 'Estell', 'Gaylord', 'gorczany.adolf@example.com', 'a07756911976592223b2f655c8b3ad91f2015a52', '0');
INSERT INTO `users` (`id`, `firstname`, `lastname`, `email`, `password_hash`, `phone`) VALUES ('49', 'Milan', 'Gottlieb', 'elijah71@example.org', 'd6ee99a58e3741efc23d171537260ac8f530fdc2', '1');
INSERT INTO `users` (`id`, `firstname`, `lastname`, `email`, `password_hash`, `phone`) VALUES ('50', 'Marianna', 'Bartoletti', 'demario25@example.org', 'dc10c39f7ed3aa97e95a019d99eac7fe7c9a7912', '566468');
INSERT INTO `users` (`id`, `firstname`, `lastname`, `email`, `password_hash`, `phone`) VALUES ('51', 'Kirk', 'Schuppe', 'lweimann@example.org', '866768f0a2091da4f9e8018bcc46f39b96d993f3', '373');
INSERT INTO `users` (`id`, `firstname`, `lastname`, `email`, `password_hash`, `phone`) VALUES ('52', 'Rita', 'Romaguera', 'zachary.carter@example.org', '8c7dc8bd688ea2bacada35ea16f2ee5209a63ada', '281446');
INSERT INTO `users` (`id`, `firstname`, `lastname`, `email`, `password_hash`, `phone`) VALUES ('53', 'Camren', 'Nolan', 'elizabeth.mayer@example.net', '9cadc533baf03d2b9671f84c0fb1717a5b21056e', '317208');
INSERT INTO `users` (`id`, `firstname`, `lastname`, `email`, `password_hash`, `phone`) VALUES ('54', 'Jovani', 'Strosin', 'nat.crooks@example.com', '4059788db4565dc8e0faad2856d9fb72b4a24d99', '0');
INSERT INTO `users` (`id`, `firstname`, `lastname`, `email`, `password_hash`, `phone`) VALUES ('55', 'Ryder', 'Effertz', 'ndurgan@example.org', '50db66f2e88fd6c07f7d12d21218d188e78e1560', '1');
INSERT INTO `users` (`id`, `firstname`, `lastname`, `email`, `password_hash`, `phone`) VALUES ('56', 'Mathew', 'Morar', 'mccullough.alexa@example.net', 'a2a1eedd69af41819ee5816dea8ba06af4207848', '14');
INSERT INTO `users` (`id`, `firstname`, `lastname`, `email`, `password_hash`, `phone`) VALUES ('57', 'Edyth', 'Bechtelar', 'titus95@example.com', 'a1231845c6b7a0b2c9e68a2be475e08e03e0a221', '56');
INSERT INTO `users` (`id`, `firstname`, `lastname`, `email`, `password_hash`, `phone`) VALUES ('58', 'Else', 'Roob', 'kbogisich@example.com', '1bb577e878b0dc74628693d43b36388215020f96', '187542');
INSERT INTO `users` (`id`, `firstname`, `lastname`, `email`, `password_hash`, `phone`) VALUES ('59', 'Adrain', 'Auer', 'mcclure.frida@example.org', 'bc71ea2bdbcdb8f64cc78f2afc4329d9f1ccb18a', '732');
INSERT INTO `users` (`id`, `firstname`, `lastname`, `email`, `password_hash`, `phone`) VALUES ('60', 'Juanita', 'Spinka', 'turcotte.judson@example.org', '2405cab75d1b95be285628c014db9fe9e03e0832', '1');
INSERT INTO `users` (`id`, `firstname`, `lastname`, `email`, `password_hash`, `phone`) VALUES ('61', 'Laila', 'Sipes', 'qschinner@example.com', '3124c2f973cf08f96d1cd7ef2256cb3c915217d3', '7253545426');
INSERT INTO `users` (`id`, `firstname`, `lastname`, `email`, `password_hash`, `phone`) VALUES ('62', 'Reinhold', 'Kuphal', 'kunze.petra@example.net', '1b6ac3fd5133eb9b64de03ca706290d2b38e8dba', '0');
INSERT INTO `users` (`id`, `firstname`, `lastname`, `email`, `password_hash`, `phone`) VALUES ('63', 'Jonathon', 'Wehner', 'dusty.mueller@example.com', 'dff91644820520399c63b6e359e8376bad6d9b00', '0');
INSERT INTO `users` (`id`, `firstname`, `lastname`, `email`, `password_hash`, `phone`) VALUES ('64', 'Alek', 'Wiza', 'uboehm@example.com', '1de44fe7a2186456bd8cd6810b55a31f73ca24e1', '267486');
INSERT INTO `users` (`id`, `firstname`, `lastname`, `email`, `password_hash`, `phone`) VALUES ('65', 'Dahlia', 'Fadel', 'stephen.ruecker@example.com', '3119b1d5898096f9823c35624cb81efade22c315', '979759577');
INSERT INTO `users` (`id`, `firstname`, `lastname`, `email`, `password_hash`, `phone`) VALUES ('66', 'Damaris', 'Windler', 'aschinner@example.com', '6fcbccb92108990c1688627ec2da1ba2e06f2b76', '1');
INSERT INTO `users` (`id`, `firstname`, `lastname`, `email`, `password_hash`, `phone`) VALUES ('67', 'Eduardo', 'Gleichner', 'bud.wuckert@example.net', '173f9830ea3a0f8a339c8fbbf23c51518fc86d1b', '0');
INSERT INTO `users` (`id`, `firstname`, `lastname`, `email`, `password_hash`, `phone`) VALUES ('68', 'Jermey', 'Hills', 'witting.hailey@example.com', '7eeb34dc47f399ee40f04bfb5ce25e053ed4b90a', '0');
INSERT INTO `users` (`id`, `firstname`, `lastname`, `email`, `password_hash`, `phone`) VALUES ('69', 'Marjorie', 'Bogisich', 'hackett.marco@example.com', '0a97e8276b4f88c31b15017d8b9b611922046c97', '1');
INSERT INTO `users` (`id`, `firstname`, `lastname`, `email`, `password_hash`, `phone`) VALUES ('70', 'Gladyce', 'Prohaska', 'rolson@example.com', 'c848d9c1c731cf7cc428faf8529eeeb0343efd4c', '830283');
INSERT INTO `users` (`id`, `firstname`, `lastname`, `email`, `password_hash`, `phone`) VALUES ('71', 'Tremayne', 'Schroeder', 'bogisich.easton@example.com', '2fcb0b6fd0594fed532d665d39daeddbb72af026', '76');
INSERT INTO `users` (`id`, `firstname`, `lastname`, `email`, `password_hash`, `phone`) VALUES ('72', 'Dell', 'Bednar', 'bahringer.doyle@example.net', '264eaa38c84c54b68babba23b15397893aa58668', '1');
INSERT INTO `users` (`id`, `firstname`, `lastname`, `email`, `password_hash`, `phone`) VALUES ('73', 'Suzanne', 'Witting', 'kryan@example.org', 'aeb688a7f5b985cdda35c7ae7e6d56165d459146', '8862690376');
INSERT INTO `users` (`id`, `firstname`, `lastname`, `email`, `password_hash`, `phone`) VALUES ('74', 'Arely', 'Prohaska', 'ebert.sandra@example.org', '8c8588bd62c71ec7df746261454a9f290eb27889', '289893');
INSERT INTO `users` (`id`, `firstname`, `lastname`, `email`, `password_hash`, `phone`) VALUES ('75', 'Aylin', 'Cronin', 'treilly@example.com', '45ef77ea320e52d2459b0e93b58e28571bd694a6', '0');
INSERT INTO `users` (`id`, `firstname`, `lastname`, `email`, `password_hash`, `phone`) VALUES ('76', 'Jalon', 'Nienow', 'russel.viola@example.org', 'e4e13ff2ebef502aaa47d136ef9d196b076340f2', '760414615');
INSERT INTO `users` (`id`, `firstname`, `lastname`, `email`, `password_hash`, `phone`) VALUES ('77', 'Adolfo', 'Koch', 'kkessler@example.net', 'e001a604f1c95a6ab346f0bd99227142d79680b8', '11');
INSERT INTO `users` (`id`, `firstname`, `lastname`, `email`, `password_hash`, `phone`) VALUES ('78', 'Buford', 'Dibbert', 'okuhn@example.org', '6b718fe73682ac3e8e45202b96340a31b9d0e2c8', '1');
INSERT INTO `users` (`id`, `firstname`, `lastname`, `email`, `password_hash`, `phone`) VALUES ('79', 'Donna', 'VonRueden', 'marjolaine.lemke@example.net', '6bc26cda1b6ff03057d120aa1ed1b524464d835b', '696356');
INSERT INTO `users` (`id`, `firstname`, `lastname`, `email`, `password_hash`, `phone`) VALUES ('80', 'Makenna', 'Barton', 'beahan.vernice@example.com', 'df8057c5532c2ad7f1417685c5f6d40a0b203ce0', '515487');
INSERT INTO `users` (`id`, `firstname`, `lastname`, `email`, `password_hash`, `phone`) VALUES ('81', 'Carole', 'Huels', 'nbeatty@example.org', '320a446f897f82d43e6aaef7909146a3fabaea60', '655');
INSERT INTO `users` (`id`, `firstname`, `lastname`, `email`, `password_hash`, `phone`) VALUES ('82', 'Violette', 'Collier', 'blick.sasha@example.com', '8e69ee9703946d8b6b9822e3cb1206d8511cc6e1', '0');
INSERT INTO `users` (`id`, `firstname`, `lastname`, `email`, `password_hash`, `phone`) VALUES ('83', 'Garnet', 'Kutch', 'grimes.odie@example.net', '8155bf16b220b64f84f833159739972c0fdcee2d', '0');
INSERT INTO `users` (`id`, `firstname`, `lastname`, `email`, `password_hash`, `phone`) VALUES ('84', 'Anastasia', 'Oberbrunner', 'ferry.olin@example.com', '70fcc1866e425544ede869894d8a028f556aa13c', '654088');
INSERT INTO `users` (`id`, `firstname`, `lastname`, `email`, `password_hash`, `phone`) VALUES ('85', 'Vernie', 'Bogan', 'qsmitham@example.net', 'fc911b8a204160318e2115d90902e74874fd3457', '188');
INSERT INTO `users` (`id`, `firstname`, `lastname`, `email`, `password_hash`, `phone`) VALUES ('86', 'Lionel', 'Grimes', 'ccrooks@example.org', 'ca67bf37156059060bc742be551f3cf3098bf08c', '27');
INSERT INTO `users` (`id`, `firstname`, `lastname`, `email`, `password_hash`, `phone`) VALUES ('87', 'Gerald', 'Daniel', 'mariana.davis@example.org', 'f167163520c2d9e868265c4a0651e708a6f38698', '1');
INSERT INTO `users` (`id`, `firstname`, `lastname`, `email`, `password_hash`, `phone`) VALUES ('88', 'Kenna', 'Boyer', 'mueller.shyann@example.com', 'e9fc53baa54b2918d92572e4c003bcb03e114ec2', '0');
INSERT INTO `users` (`id`, `firstname`, `lastname`, `email`, `password_hash`, `phone`) VALUES ('89', 'Enola', 'Cartwright', 'kristin62@example.com', 'e8cdec1fb4f4966f0a77766d5eb7119bf1b7eecb', '1');
INSERT INTO `users` (`id`, `firstname`, `lastname`, `email`, `password_hash`, `phone`) VALUES ('90', 'Lynn', 'Spinka', 'tmann@example.net', 'fc64eaa7d5b8b8ac5581ea70abf2b1e26abd2be9', '0');
INSERT INTO `users` (`id`, `firstname`, `lastname`, `email`, `password_hash`, `phone`) VALUES ('91', 'Bell', 'Terry', 'jordane.waelchi@example.com', '24336e5d37b38e9d5e8d26b67da6a81809d2c60f', '486');
INSERT INTO `users` (`id`, `firstname`, `lastname`, `email`, `password_hash`, `phone`) VALUES ('92', 'Jermaine', 'Crist', 'lind.narciso@example.com', '1b51e4401efba9719757829c0d75b58138a2f671', '328412');
INSERT INTO `users` (`id`, `firstname`, `lastname`, `email`, `password_hash`, `phone`) VALUES ('93', 'Curt', 'Dietrich', 'raul.lakin@example.com', 'e050fd412e799e353a3c86f509c78913a264ebed', '3876721655');
INSERT INTO `users` (`id`, `firstname`, `lastname`, `email`, `password_hash`, `phone`) VALUES ('94', 'Lenora', 'Schultz', 'craig86@example.org', '8d4fe3394a3120aff8b76a913936662186059662', '925663');
INSERT INTO `users` (`id`, `firstname`, `lastname`, `email`, `password_hash`, `phone`) VALUES ('95', 'Pat', 'Pouros', 'grady.kevin@example.org', 'fc1b851b0d1d8d26fcbd63fb983c58c680a9b296', '927');
INSERT INTO `users` (`id`, `firstname`, `lastname`, `email`, `password_hash`, `phone`) VALUES ('96', 'Abner', 'Greenfelder', 'russel.davon@example.net', 'af6b9124073511f2f887c4137c9a05a446505bad', '797');
INSERT INTO `users` (`id`, `firstname`, `lastname`, `email`, `password_hash`, `phone`) VALUES ('97', 'Giovani', 'Beier', 'winston.russel@example.org', 'c05c647a0fcc8cb1c9ff36cc4feb6ecfb6d58c36', '1');
INSERT INTO `users` (`id`, `firstname`, `lastname`, `email`, `password_hash`, `phone`) VALUES ('98', 'Shaniya', 'Kilback', 'jimmy26@example.com', 'cf856376adb66225c76d8716ce0189888be82d9a', '0');
INSERT INTO `users` (`id`, `firstname`, `lastname`, `email`, `password_hash`, `phone`) VALUES ('99', 'Erik', 'Towne', 'feeney.duncan@example.net', 'c529bcb452dbf1d0a609d1378e3d428c6be9f669', '432862');
INSERT INTO `users` (`id`, `firstname`, `lastname`, `email`, `password_hash`, `phone`) VALUES ('100', 'Elisa', 'Walker', 'bulah55@example.com', 'c3d907bdad5a321addc4f765c6f3410d18b75f6e', '5656608285');



INSERT INTO `massages` (`id`, `from_user_id`, `to_user_id`, `body`, `created_at`) VALUES ('1', '1', '1', 'Consequatur eum quia qui sunt fugiat qui voluptatem. Odit est delectus porro autem omnis architecto nulla velit. Rerum natus consequatur nobis perspiciatis voluptas. Et architecto voluptatem est quos et eum ipsam. Alias voluptates voluptas sunt ut accusamus.', '1982-10-23 10:49:25');
INSERT INTO `massages` (`id`, `from_user_id`, `to_user_id`, `body`, `created_at`) VALUES ('2', '2', '2', 'Modi quibusdam quidem odit quis aliquid hic. Dignissimos fugiat et fugit. Aspernatur laudantium quae similique nesciunt praesentium. Non tempora quia qui sunt nobis distinctio praesentium.', '1971-04-03 09:20:02');
INSERT INTO `massages` (`id`, `from_user_id`, `to_user_id`, `body`, `created_at`) VALUES ('3', '3', '3', 'Accusamus consequatur aliquid modi totam corporis. Error id rerum qui ratione similique non molestias. Ut maiores sapiente rerum ut velit eum. Nesciunt est cumque numquam velit doloribus est.', '1987-12-06 17:27:51');
INSERT INTO `massages` (`id`, `from_user_id`, `to_user_id`, `body`, `created_at`) VALUES ('4', '4', '4', 'Voluptas molestiae sint in ducimus voluptates. Sint molestias nisi illum dolore necessitatibus non quos. Non in quo quisquam quidem.', '2016-09-24 10:57:32');
INSERT INTO `massages` (`id`, `from_user_id`, `to_user_id`, `body`, `created_at`) VALUES ('5', '5', '5', 'Enim est eum dolorem itaque nam. Est ut hic fugiat sit sit velit cum. Vero id dolorem dignissimos numquam sint laborum modi repellat. Neque doloremque dolore sed omnis.', '2014-10-15 09:15:41');
INSERT INTO `massages` (`id`, `from_user_id`, `to_user_id`, `body`, `created_at`) VALUES ('6', '6', '6', 'Iusto dolor et nisi velit quia. Omnis aliquid officia temporibus. Qui aut quia perspiciatis ut non. Dolorum laudantium est exercitationem distinctio. Velit fugit enim magnam.', '1991-01-03 11:28:12');
INSERT INTO `massages` (`id`, `from_user_id`, `to_user_id`, `body`, `created_at`) VALUES ('7', '7', '7', 'Occaecati voluptatum laboriosam dolorum sunt architecto. Tempore aspernatur est minima magnam. Reiciendis deserunt odio nulla maiores animi soluta.', '1993-06-13 23:51:25');
INSERT INTO `massages` (`id`, `from_user_id`, `to_user_id`, `body`, `created_at`) VALUES ('8', '8', '8', 'Ipsa quo dolore voluptas eum. Excepturi alias qui reprehenderit omnis. Quam architecto enim qui nam.', '2004-02-24 12:42:42');
INSERT INTO `massages` (`id`, `from_user_id`, `to_user_id`, `body`, `created_at`) VALUES ('9', '9', '9', 'Ut delectus ut ea aspernatur vel eius. Voluptas qui rerum velit ex dolores. Tempore asperiores aut quod.', '2013-07-18 16:22:56');
INSERT INTO `massages` (`id`, `from_user_id`, `to_user_id`, `body`, `created_at`) VALUES ('10', '10', '10', 'Dolor molestias ut nam et atque ea pariatur. Sint nisi aut eum minus aut voluptatibus. Et exercitationem commodi qui minima ut dolor placeat.', '2002-07-14 12:34:37');
INSERT INTO `massages` (`id`, `from_user_id`, `to_user_id`, `body`, `created_at`) VALUES ('11', '11', '11', 'Consequatur fuga quasi aliquid exercitationem. Aut labore quisquam delectus est soluta officiis. Similique quidem quia voluptas ducimus ullam in. Aliquid aut ea cum porro quia provident.', '1985-07-03 15:06:48');
INSERT INTO `massages` (`id`, `from_user_id`, `to_user_id`, `body`, `created_at`) VALUES ('12', '12', '12', 'Harum voluptas vero dolorum. Ab unde itaque quia ut.', '1999-08-26 05:31:32');
INSERT INTO `massages` (`id`, `from_user_id`, `to_user_id`, `body`, `created_at`) VALUES ('13', '13', '13', 'Illo dignissimos quis debitis aut aut placeat repellendus. Ullam mollitia deleniti consequatur assumenda. Animi omnis ratione recusandae earum.', '1987-07-02 02:51:24');
INSERT INTO `massages` (`id`, `from_user_id`, `to_user_id`, `body`, `created_at`) VALUES ('14', '14', '14', 'Consectetur est consequatur molestias dolorem id rem beatae. Vitae qui eius eligendi quod. Explicabo debitis odit sit incidunt quia voluptas illo. Rerum ut recusandae temporibus itaque commodi tempore id aut.', '2018-07-04 07:42:47');
INSERT INTO `massages` (`id`, `from_user_id`, `to_user_id`, `body`, `created_at`) VALUES ('15', '15', '15', 'Omnis sapiente dolor eum magni quidem. Voluptas quia natus perferendis debitis ratione sit voluptatem. Sit est et libero optio sequi consequatur.', '1976-06-13 19:04:18');
INSERT INTO `massages` (`id`, `from_user_id`, `to_user_id`, `body`, `created_at`) VALUES ('16', '16', '16', 'Quo veritatis delectus et dolore ut ut deleniti. Dolores fugit quos distinctio debitis optio. Itaque natus et et omnis qui architecto vero. Dolorem dolorem non in.', '1983-10-29 01:05:07');
INSERT INTO `massages` (`id`, `from_user_id`, `to_user_id`, `body`, `created_at`) VALUES ('17', '17', '17', 'Ipsam similique hic velit aut. Tempora asperiores dolores alias doloribus quae harum dolores. Dolorem autem est sequi molestias aut laboriosam ut. Quo eligendi et dolores.', '1989-11-11 16:18:25');
INSERT INTO `massages` (`id`, `from_user_id`, `to_user_id`, `body`, `created_at`) VALUES ('18', '18', '18', 'Aut facilis ipsam velit voluptatem consectetur laboriosam tenetur. Architecto doloremque quae tempora ullam. Velit ab velit sit eos odio distinctio. Impedit ab consequatur unde aperiam sint.', '1986-11-26 11:59:02');
INSERT INTO `massages` (`id`, `from_user_id`, `to_user_id`, `body`, `created_at`) VALUES ('19', '19', '19', 'Odio eligendi repellendus et laboriosam blanditiis aut. Facilis omnis minus est aut animi ut qui. Dolore sed totam et. Voluptatum nihil est et odio sit quisquam voluptatem.', '1976-11-19 06:10:13');
INSERT INTO `massages` (`id`, `from_user_id`, `to_user_id`, `body`, `created_at`) VALUES ('20', '20', '20', 'Ab atque architecto architecto soluta vero distinctio ut. Possimus non quia quia quas. Autem et temporibus fuga dignissimos error et.', '1993-06-26 14:43:19');
INSERT INTO `massages` (`id`, `from_user_id`, `to_user_id`, `body`, `created_at`) VALUES ('21', '21', '21', 'Molestiae quos reprehenderit reiciendis ducimus reiciendis nemo. Et veritatis doloribus maxime voluptatibus molestiae. Iure hic sint modi distinctio.', '2013-03-27 01:22:53');
INSERT INTO `massages` (`id`, `from_user_id`, `to_user_id`, `body`, `created_at`) VALUES ('22', '22', '22', 'Eum optio aut iure tempora. Eveniet rem ipsa sed voluptatem est totam. Nobis adipisci quasi dignissimos ipsam eos quia totam. Facilis est est sequi voluptas dolore consectetur. Et quis laboriosam a voluptates non ipsum quibusdam.', '2011-05-25 23:13:35');
INSERT INTO `massages` (`id`, `from_user_id`, `to_user_id`, `body`, `created_at`) VALUES ('23', '23', '23', 'Repudiandae officia quo dolorum dicta sed corrupti excepturi. Explicabo enim in eaque deleniti. Autem et qui ipsum odit omnis.', '2019-02-04 17:12:10');
INSERT INTO `massages` (`id`, `from_user_id`, `to_user_id`, `body`, `created_at`) VALUES ('24', '24', '24', 'Velit voluptatem qui assumenda quasi eveniet dolor magni. Non aliquam labore in eligendi placeat minima.', '1984-06-07 08:18:22');
INSERT INTO `massages` (`id`, `from_user_id`, `to_user_id`, `body`, `created_at`) VALUES ('25', '25', '25', 'Consequatur ratione autem est maiores. Doloribus veniam qui praesentium atque labore magni. Quo ut libero odit veniam dolores ipsa.', '2007-05-01 22:13:39');
INSERT INTO `massages` (`id`, `from_user_id`, `to_user_id`, `body`, `created_at`) VALUES ('26', '26', '26', 'Reiciendis molestiae non rerum deserunt sint accusantium. Corporis veniam qui est eius. Nobis est rerum hic suscipit asperiores distinctio dolor.', '1980-10-26 22:14:56');
INSERT INTO `massages` (`id`, `from_user_id`, `to_user_id`, `body`, `created_at`) VALUES ('27', '27', '27', 'Iste quis qui aut mollitia. Et modi maiores sit perspiciatis qui aut. Qui et amet animi nihil pariatur iusto quia.', '2004-07-19 00:36:19');
INSERT INTO `massages` (`id`, `from_user_id`, `to_user_id`, `body`, `created_at`) VALUES ('28', '28', '28', 'Sed quo nihil ex laudantium occaecati. Dolorem eius aut consequatur.', '1999-08-29 10:09:49');
INSERT INTO `massages` (`id`, `from_user_id`, `to_user_id`, `body`, `created_at`) VALUES ('29', '29', '29', 'Consequatur illo possimus blanditiis maxime molestias. Cupiditate labore quibusdam ipsam iusto rerum. Esse expedita alias eum. Saepe sed ipsam qui est quo voluptas. Recusandae eius dignissimos autem qui placeat doloremque incidunt.', '1992-04-03 06:51:19');
INSERT INTO `massages` (`id`, `from_user_id`, `to_user_id`, `body`, `created_at`) VALUES ('30', '30', '30', 'Dolores enim ut eligendi totam. Ut ex sint a consequatur ut.', '1993-12-26 08:34:20');
INSERT INTO `massages` (`id`, `from_user_id`, `to_user_id`, `body`, `created_at`) VALUES ('31', '31', '31', 'Earum ex quos aut reprehenderit non est. Est harum nisi facere ut quibusdam. Voluptas in aut ut similique porro. Non ut voluptatem excepturi eum.', '1975-06-21 15:53:58');
INSERT INTO `massages` (`id`, `from_user_id`, `to_user_id`, `body`, `created_at`) VALUES ('32', '32', '32', 'Ratione consequatur laboriosam architecto. Veniam fugiat quo dicta omnis aut. Harum molestiae molestias vel ut.', '1979-05-06 03:18:23');
INSERT INTO `massages` (`id`, `from_user_id`, `to_user_id`, `body`, `created_at`) VALUES ('33', '33', '33', 'Quas numquam alias iste et dolor vero. Optio est accusamus sed deleniti nihil. Numquam repellendus quae totam voluptates cum et ut. Provident minus molestiae non quia.', '2016-12-16 17:23:17');
INSERT INTO `massages` (`id`, `from_user_id`, `to_user_id`, `body`, `created_at`) VALUES ('34', '34', '34', 'Distinctio dolores et sit quis a quia maiores. Et et aut nemo nesciunt delectus. Nisi accusamus et consequatur mollitia. Laudantium molestias et dolor quaerat.', '2008-03-31 08:39:18');
INSERT INTO `massages` (`id`, `from_user_id`, `to_user_id`, `body`, `created_at`) VALUES ('35', '35', '35', 'Perspiciatis culpa consequatur deleniti est voluptas. Magnam molestiae accusamus assumenda atque laudantium itaque. Animi quis voluptas placeat consequuntur.', '1977-12-23 23:13:05');
INSERT INTO `massages` (`id`, `from_user_id`, `to_user_id`, `body`, `created_at`) VALUES ('36', '36', '36', 'Tempore hic et nam id facere eos. Sequi ullam tempore esse asperiores doloribus adipisci. Reiciendis voluptatem beatae numquam id assumenda sed.', '1978-12-17 15:32:09');
INSERT INTO `massages` (`id`, `from_user_id`, `to_user_id`, `body`, `created_at`) VALUES ('37', '37', '37', 'Quo autem consectetur ab impedit. Animi deserunt mollitia a culpa nobis. Doloremque ea molestiae nemo rerum error. Magnam voluptas dolorem accusamus reprehenderit. Ut qui eius repudiandae ut tenetur eligendi.', '1984-10-18 17:52:22');
INSERT INTO `massages` (`id`, `from_user_id`, `to_user_id`, `body`, `created_at`) VALUES ('38', '38', '38', 'Voluptatem cum quam ut iste reprehenderit fuga deleniti. Aspernatur recusandae velit nihil sint quos nam et. Reiciendis magni vero et ut exercitationem sed. Ducimus molestias at ut voluptatem doloremque adipisci.', '2000-11-15 16:36:28');
INSERT INTO `massages` (`id`, `from_user_id`, `to_user_id`, `body`, `created_at`) VALUES ('39', '39', '39', 'Eaque voluptas sit dolore dicta recusandae iusto sed. Aut unde eaque rerum excepturi aliquid consequatur atque. Tenetur voluptatem quasi praesentium suscipit corrupti eos et. Culpa repellendus velit pariatur qui.', '2002-07-02 23:57:04');
INSERT INTO `massages` (`id`, `from_user_id`, `to_user_id`, `body`, `created_at`) VALUES ('40', '40', '40', 'Rem aut quaerat nisi et. Laboriosam reiciendis quam dolorem at atque. Ducimus aperiam quia aut nostrum quo qui quae deleniti. Distinctio rerum asperiores id quisquam.', '1981-11-30 04:43:59');
INSERT INTO `massages` (`id`, `from_user_id`, `to_user_id`, `body`, `created_at`) VALUES ('41', '41', '41', 'Ipsa adipisci quis at sunt amet. Accusamus fugiat ipsam qui rerum voluptatem quo deserunt qui. Dolorem aspernatur accusantium et reprehenderit asperiores molestiae molestiae quae. Mollitia voluptatem earum rerum tempora ut.', '1985-06-25 23:21:20');
INSERT INTO `massages` (`id`, `from_user_id`, `to_user_id`, `body`, `created_at`) VALUES ('42', '42', '42', 'Qui amet sunt ut tempore voluptatem quo. Possimus saepe deleniti est repellendus officia praesentium ut delectus. Sit animi atque temporibus labore aliquid et dolore.', '1992-05-20 21:01:50');
INSERT INTO `massages` (`id`, `from_user_id`, `to_user_id`, `body`, `created_at`) VALUES ('43', '43', '43', 'Perspiciatis at ut cum sapiente. Distinctio ex qui explicabo facilis. Repellat enim et laudantium quia dicta placeat.', '1988-01-29 00:04:01');
INSERT INTO `massages` (`id`, `from_user_id`, `to_user_id`, `body`, `created_at`) VALUES ('44', '44', '44', 'Deleniti autem dicta cupiditate omnis vero laboriosam. Dignissimos molestias rerum perspiciatis tempore aperiam sunt. Fuga sint eaque perspiciatis expedita veritatis quae sed.', '1981-06-05 10:35:12');
INSERT INTO `massages` (`id`, `from_user_id`, `to_user_id`, `body`, `created_at`) VALUES ('45', '45', '45', 'Numquam sed velit iure et consequatur. Tempora esse porro deserunt ratione esse. Quo tempora architecto molestiae vel dicta. Adipisci et voluptate harum rem non in.', '1981-01-24 23:10:27');
INSERT INTO `massages` (`id`, `from_user_id`, `to_user_id`, `body`, `created_at`) VALUES ('46', '46', '46', 'Ipsum placeat quidem ea accusantium libero ipsa quam. Nulla eius dolores esse nihil.', '1988-10-30 05:59:04');
INSERT INTO `massages` (`id`, `from_user_id`, `to_user_id`, `body`, `created_at`) VALUES ('47', '47', '47', 'Magni vero praesentium autem placeat facilis velit. Maxime non quae id tempora omnis illum eos. Quibusdam ut amet expedita quibusdam soluta. Qui veniam eum consequatur architecto commodi.', '2004-11-12 10:52:46');
INSERT INTO `massages` (`id`, `from_user_id`, `to_user_id`, `body`, `created_at`) VALUES ('48', '48', '48', 'Mollitia officiis similique eos officia eligendi tempora consequuntur. Adipisci fugit saepe aperiam ipsam. Quasi quasi tempore vitae vero expedita consequatur. Commodi similique est repellat vero laudantium.', '2009-03-26 08:30:33');
INSERT INTO `massages` (`id`, `from_user_id`, `to_user_id`, `body`, `created_at`) VALUES ('49', '49', '49', 'Provident quisquam ea sit cumque ipsum quis magni. Reprehenderit quo et adipisci eligendi excepturi vel perferendis non. Aperiam ipsam odit sapiente. Est non ea autem sit.', '1978-09-06 15:05:57');
INSERT INTO `massages` (`id`, `from_user_id`, `to_user_id`, `body`, `created_at`) VALUES ('50', '50', '50', 'Eum ullam laborum officiis autem itaque dolores recusandae. Id ut in perspiciatis veritatis sed. Voluptatem quia ad voluptatem rerum consectetur molestias. Ex inventore quibusdam praesentium ipsum quis.', '1982-02-01 02:22:57');
INSERT INTO `massages` (`id`, `from_user_id`, `to_user_id`, `body`, `created_at`) VALUES ('51', '51', '51', 'Eaque sequi ut facilis aut voluptas optio. Repudiandae et in autem. Explicabo optio in perferendis non animi consequuntur. Quis eveniet fugit autem facere velit omnis quo. Ut quis nam laboriosam nesciunt aut.', '2009-10-14 13:33:50');
INSERT INTO `massages` (`id`, `from_user_id`, `to_user_id`, `body`, `created_at`) VALUES ('52', '52', '52', 'Ducimus at quidem rerum officia ut dolores et. Quos ullam inventore praesentium libero et velit vel. Repellendus odit deserunt sed accusamus sint qui qui. Non labore voluptatem ratione quia.', '1994-02-28 21:56:33');
INSERT INTO `massages` (`id`, `from_user_id`, `to_user_id`, `body`, `created_at`) VALUES ('53', '53', '53', 'Maiores dolor vitae tempore sit harum est. Voluptatem sequi officiis accusantium autem. Reprehenderit omnis ut doloremque voluptatibus et a quod earum. Blanditiis voluptate facilis dolores voluptatem qui aspernatur.', '2015-02-14 05:13:10');
INSERT INTO `massages` (`id`, `from_user_id`, `to_user_id`, `body`, `created_at`) VALUES ('54', '54', '54', 'Est officiis cumque ut ullam aspernatur. Dolorum id iusto quis veritatis atque non qui eveniet. Quia quasi velit aut. Consectetur recusandae soluta adipisci quisquam at.', '2003-04-13 14:17:40');
INSERT INTO `massages` (`id`, `from_user_id`, `to_user_id`, `body`, `created_at`) VALUES ('55', '55', '55', 'Ratione voluptatem sit aut itaque. Officiis ut provident fugit rerum. Vitae repellendus rerum suscipit quam omnis.', '1993-11-11 17:32:13');
INSERT INTO `massages` (`id`, `from_user_id`, `to_user_id`, `body`, `created_at`) VALUES ('56', '56', '56', 'Aspernatur ut doloremque ratione. Aut voluptas facilis at sit incidunt ullam praesentium. Vitae qui eius harum sit dolores.', '2001-08-12 05:51:45');
INSERT INTO `massages` (`id`, `from_user_id`, `to_user_id`, `body`, `created_at`) VALUES ('57', '57', '57', 'Excepturi temporibus voluptatibus distinctio. Dolor qui aliquam libero sit harum omnis. Neque ea sed ut recusandae et dolor. Perferendis aut iusto dolores molestias quia ex.', '1998-10-12 20:51:34');
INSERT INTO `massages` (`id`, `from_user_id`, `to_user_id`, `body`, `created_at`) VALUES ('58', '58', '58', 'Aut voluptates officiis soluta placeat. Nulla optio odio qui dignissimos assumenda. Qui quibusdam nihil quisquam numquam fuga. Officiis sequi tempora nulla necessitatibus.', '1986-10-27 13:45:04');
INSERT INTO `massages` (`id`, `from_user_id`, `to_user_id`, `body`, `created_at`) VALUES ('59', '59', '59', 'Sit eum quia consectetur qui. Nesciunt aliquid dolor provident architecto ut sit repellat. Aliquam tempore porro et fuga ipsam. Repudiandae et vero quia distinctio reiciendis quisquam. Velit consectetur tenetur sunt voluptates sed aliquid.', '1971-05-17 23:17:22');
INSERT INTO `massages` (`id`, `from_user_id`, `to_user_id`, `body`, `created_at`) VALUES ('60', '60', '60', 'Consequatur molestiae est illum et illum ut similique. Veniam perspiciatis earum soluta quod. Accusamus nulla eos ut facilis. Eaque dolore maxime veniam delectus perferendis et et exercitationem.', '2012-03-18 16:44:25');
INSERT INTO `massages` (`id`, `from_user_id`, `to_user_id`, `body`, `created_at`) VALUES ('61', '61', '61', 'Est non iste nobis quis odit. Dolores qui laboriosam enim mollitia aperiam totam. Sunt reprehenderit tenetur quod et. Libero harum blanditiis tenetur harum.', '1974-10-10 14:26:28');
INSERT INTO `massages` (`id`, `from_user_id`, `to_user_id`, `body`, `created_at`) VALUES ('62', '62', '62', 'Ducimus voluptate neque quia ut. Necessitatibus aut sit minus consectetur consequatur. Rerum assumenda impedit qui id dolores.', '1970-05-11 21:21:45');
INSERT INTO `massages` (`id`, `from_user_id`, `to_user_id`, `body`, `created_at`) VALUES ('63', '63', '63', 'Voluptate nemo et explicabo. Blanditiis consectetur error nihil nobis voluptas. Assumenda sit possimus et odit. Sit corrupti non amet.', '2004-01-09 13:16:47');
INSERT INTO `massages` (`id`, `from_user_id`, `to_user_id`, `body`, `created_at`) VALUES ('64', '64', '64', 'Voluptatem doloribus facilis provident ex voluptates. Consequatur reiciendis et aut doloremque ullam. At et qui natus.', '1999-12-04 08:17:18');
INSERT INTO `massages` (`id`, `from_user_id`, `to_user_id`, `body`, `created_at`) VALUES ('65', '65', '65', 'Veniam temporibus reprehenderit autem sapiente ut fugit architecto quibusdam. Natus qui inventore et officiis qui eius ducimus eius. Non tempore architecto repellendus porro eaque ea.', '1998-05-14 17:54:10');
INSERT INTO `massages` (`id`, `from_user_id`, `to_user_id`, `body`, `created_at`) VALUES ('66', '66', '66', 'Error odio dolorem magnam et. Minus sunt voluptatibus adipisci beatae rerum unde sit. Sint quia itaque dolorum voluptatum.', '1977-01-22 01:30:47');
INSERT INTO `massages` (`id`, `from_user_id`, `to_user_id`, `body`, `created_at`) VALUES ('67', '67', '67', 'Est vero delectus voluptatem voluptatem non corrupti. Corrupti sit necessitatibus aut voluptas perspiciatis molestiae sit. Ratione est sit enim quo. Et aliquam soluta vitae maiores aspernatur quis.', '2004-08-04 14:02:53');
INSERT INTO `massages` (`id`, `from_user_id`, `to_user_id`, `body`, `created_at`) VALUES ('68', '68', '68', 'Hic quaerat sequi reprehenderit aspernatur sint tenetur alias. Ad dicta dolor et inventore inventore dolore. Soluta esse consequatur ut dignissimos magnam. Quasi fugiat rerum unde amet.', '1971-01-23 08:04:55');
INSERT INTO `massages` (`id`, `from_user_id`, `to_user_id`, `body`, `created_at`) VALUES ('69', '69', '69', 'Voluptate maxime quis reprehenderit. Rerum ipsam suscipit quis. Repudiandae reprehenderit et ipsa vel. Ratione quia ea quo sunt quos.', '2014-07-14 04:46:11');
INSERT INTO `massages` (`id`, `from_user_id`, `to_user_id`, `body`, `created_at`) VALUES ('70', '70', '70', 'Sed ut ut atque quae vero ex. Reiciendis quas maiores nostrum quia modi nemo minus. Distinctio unde beatae quaerat et cumque sit.', '1987-10-14 07:32:03');
INSERT INTO `massages` (`id`, `from_user_id`, `to_user_id`, `body`, `created_at`) VALUES ('71', '71', '71', 'Aliquid dolor debitis omnis. Eaque error velit velit pariatur aspernatur dolores facere. Suscipit veniam est aut at voluptatibus qui. Dolores voluptas aut dolorum molestias sapiente et.', '1985-12-26 10:26:10');
INSERT INTO `massages` (`id`, `from_user_id`, `to_user_id`, `body`, `created_at`) VALUES ('72', '72', '72', 'Dicta ad molestiae et. Quas fugiat maiores repellendus natus architecto quis. Aut architecto voluptatem eveniet et sint. Aliquid id et voluptas dignissimos nulla odit quidem.', '2008-08-23 18:22:44');
INSERT INTO `massages` (`id`, `from_user_id`, `to_user_id`, `body`, `created_at`) VALUES ('73', '73', '73', 'Eius repellat quos et consectetur. Reiciendis iste distinctio ut accusamus quisquam aut reprehenderit. Natus et ut velit sed natus excepturi.', '1973-09-25 02:55:41');
INSERT INTO `massages` (`id`, `from_user_id`, `to_user_id`, `body`, `created_at`) VALUES ('74', '74', '74', 'Vitae cupiditate sunt sunt tempore hic cumque sed. Quia reprehenderit iste molestiae. Numquam odio laboriosam quod non debitis autem.', '1982-05-22 22:56:33');
INSERT INTO `massages` (`id`, `from_user_id`, `to_user_id`, `body`, `created_at`) VALUES ('75', '75', '75', 'Odio eos ratione similique praesentium fugit voluptas. Et dolorem facilis dolores. Similique voluptas quos nulla est voluptatibus. Eveniet autem officiis sunt.', '2008-10-13 17:11:15');
INSERT INTO `massages` (`id`, `from_user_id`, `to_user_id`, `body`, `created_at`) VALUES ('76', '76', '76', 'Eos neque vero alias dignissimos nihil qui. Numquam vel dolorem sint. Magnam assumenda nihil tempora ut laboriosam aut est. Illum sunt recusandae qui voluptatem quisquam repellat.', '1991-03-10 02:32:10');
INSERT INTO `massages` (`id`, `from_user_id`, `to_user_id`, `body`, `created_at`) VALUES ('77', '77', '77', 'Beatae pariatur neque rerum distinctio quia maiores tempora. Quae fuga ut nesciunt aspernatur vel aut officia. Iure saepe incidunt et qui.', '1989-01-14 14:50:38');
INSERT INTO `massages` (`id`, `from_user_id`, `to_user_id`, `body`, `created_at`) VALUES ('78', '78', '78', 'Rem mollitia sed quo. Quis maiores nam voluptatibus minima aliquid sit. Illum quas maiores non molestiae inventore vero qui.', '1982-01-02 04:04:30');
INSERT INTO `massages` (`id`, `from_user_id`, `to_user_id`, `body`, `created_at`) VALUES ('79', '79', '79', 'Explicabo quidem animi earum modi perspiciatis atque. Voluptas a ullam nisi voluptate assumenda. Voluptatem ab sed voluptas et ipsam.', '1987-03-06 22:08:22');
INSERT INTO `massages` (`id`, `from_user_id`, `to_user_id`, `body`, `created_at`) VALUES ('80', '80', '80', 'Nostrum qui repellendus labore voluptatem. In et et omnis ab neque. Illum eaque voluptatem ut nihil quia voluptatum omnis.', '2007-04-22 03:04:57');
INSERT INTO `massages` (`id`, `from_user_id`, `to_user_id`, `body`, `created_at`) VALUES ('81', '81', '81', 'Atque in molestiae quia molestiae rem amet aliquid. Voluptatem sed corporis nihil qui.', '1993-07-06 10:52:24');
INSERT INTO `massages` (`id`, `from_user_id`, `to_user_id`, `body`, `created_at`) VALUES ('82', '82', '82', 'Exercitationem facere recusandae et ipsam quidem eos sed. Ut omnis omnis deserunt natus quasi aut. Ipsa corrupti eius culpa similique fugiat nostrum.', '2000-04-19 15:32:09');
INSERT INTO `massages` (`id`, `from_user_id`, `to_user_id`, `body`, `created_at`) VALUES ('83', '83', '83', 'Eos vitae vero consequuntur recusandae enim dicta. Aperiam expedita autem ipsa delectus. Tempora vitae culpa vel voluptates. Blanditiis rerum cum nemo ut commodi eos sint.', '2001-07-01 06:07:46');
INSERT INTO `massages` (`id`, `from_user_id`, `to_user_id`, `body`, `created_at`) VALUES ('84', '84', '84', 'Est id recusandae molestiae eos. Sunt magnam non inventore nostrum doloremque. Sed quidem eaque voluptas qui.', '2002-01-04 10:17:23');
INSERT INTO `massages` (`id`, `from_user_id`, `to_user_id`, `body`, `created_at`) VALUES ('85', '85', '85', 'Necessitatibus dolor vel distinctio nemo amet et perspiciatis. Placeat assumenda iure accusantium qui. Officia dolor dolore qui.', '1979-04-03 17:03:18');
INSERT INTO `massages` (`id`, `from_user_id`, `to_user_id`, `body`, `created_at`) VALUES ('86', '86', '86', 'Consequatur laborum sint voluptas illo. Alias illo corrupti quo. Ut quidem facilis vero neque. Laboriosam aliquid tempora molestiae enim possimus.', '2017-05-19 23:52:16');
INSERT INTO `massages` (`id`, `from_user_id`, `to_user_id`, `body`, `created_at`) VALUES ('87', '87', '87', 'Quibusdam quos consequatur labore dolor quaerat sit. Aut et voluptatem non ut eos. At ducimus consequatur architecto quam perspiciatis.', '1995-04-10 12:41:55');
INSERT INTO `massages` (`id`, `from_user_id`, `to_user_id`, `body`, `created_at`) VALUES ('88', '88', '88', 'Aut ea accusantium tempora in perferendis. Quam quia exercitationem asperiores nihil voluptas hic quo. Tempore nam molestiae corporis soluta. Totam at placeat ut facilis quas ex.', '2014-12-12 18:26:51');
INSERT INTO `massages` (`id`, `from_user_id`, `to_user_id`, `body`, `created_at`) VALUES ('89', '89', '89', 'Minus necessitatibus maxime cum earum enim autem voluptate. Voluptas molestias adipisci molestiae. Nihil provident soluta ab eligendi voluptatibus maxime sunt.', '1981-12-05 01:02:56');
INSERT INTO `massages` (`id`, `from_user_id`, `to_user_id`, `body`, `created_at`) VALUES ('90', '90', '90', 'Aspernatur sed officia minus error. Ipsam esse quas deleniti nemo in ullam omnis. Voluptates tempore ex libero quo nulla aut adipisci.', '2012-08-31 05:17:40');
INSERT INTO `massages` (`id`, `from_user_id`, `to_user_id`, `body`, `created_at`) VALUES ('91', '91', '91', 'Atque dolores aut quod voluptatem. Itaque temporibus a dignissimos aut dolorem eaque et. Et tenetur voluptas sed veritatis qui. Dolores quia tenetur dolorum explicabo non autem corporis.', '2002-09-03 12:43:16');
INSERT INTO `massages` (`id`, `from_user_id`, `to_user_id`, `body`, `created_at`) VALUES ('92', '92', '92', 'Voluptas perferendis impedit voluptatem sed qui quis. Occaecati molestiae pariatur autem et. Ut nostrum officia molestiae rerum odit.', '2004-12-01 20:16:23');
INSERT INTO `massages` (`id`, `from_user_id`, `to_user_id`, `body`, `created_at`) VALUES ('93', '93', '93', 'Eos quis ea nihil modi et sit. Dolorem suscipit quia odio aut excepturi vel. Ipsum quae commodi et consequatur eum odio.', '1989-05-24 09:19:25');
INSERT INTO `massages` (`id`, `from_user_id`, `to_user_id`, `body`, `created_at`) VALUES ('94', '94', '94', 'Et laudantium dolores qui consequatur. Repellat vel aut enim sed. Velit delectus velit quaerat nisi.', '1977-03-13 02:34:33');
INSERT INTO `massages` (`id`, `from_user_id`, `to_user_id`, `body`, `created_at`) VALUES ('95', '95', '95', 'Quibusdam sed veniam quam modi. Voluptas ducimus modi quam et cupiditate ratione. Repellendus et ut assumenda sunt consequuntur vel. Dolor voluptas deleniti porro ipsum.', '2010-11-16 12:13:41');
INSERT INTO `massages` (`id`, `from_user_id`, `to_user_id`, `body`, `created_at`) VALUES ('96', '96', '96', 'Architecto consequatur dolor est et sunt doloremque sed. Debitis consequuntur vitae amet nam qui. Consequatur est libero eos voluptas saepe. Ratione ut atque velit labore nostrum omnis. Doloremque rem libero molestias quos et sint.', '1991-04-07 16:50:30');
INSERT INTO `massages` (`id`, `from_user_id`, `to_user_id`, `body`, `created_at`) VALUES ('97', '97', '97', 'Dignissimos amet quo explicabo adipisci. Sed nostrum nostrum veniam provident. At temporibus ut perferendis voluptatem consequatur in quia.', '2012-04-02 22:56:54');
INSERT INTO `massages` (`id`, `from_user_id`, `to_user_id`, `body`, `created_at`) VALUES ('98', '98', '98', 'Eos optio nemo quibusdam est expedita id numquam. Dolores voluptatem quidem rem in in architecto. A voluptates corporis et velit odit.', '1990-09-11 00:33:13');
INSERT INTO `massages` (`id`, `from_user_id`, `to_user_id`, `body`, `created_at`) VALUES ('99', '99', '99', 'Et suscipit impedit nihil possimus tempore voluptas. Quia dolores sapiente est officiis quaerat ab nostrum reprehenderit. Est est porro velit dolor doloribus.', '2007-11-25 07:34:40');
INSERT INTO `massages` (`id`, `from_user_id`, `to_user_id`, `body`, `created_at`) VALUES ('100', '100', '100', 'Atque non id vero rerum perferendis adipisci quam. Reiciendis et est quia quaerat. Fuga aut occaecati commodi.', '1992-06-07 10:11:14');


INSERT INTO `likes_massages` (`id`, `user_id`, `massages_id`, `created_at`) VALUES ('1', '1', '1', '1988-07-25 08:03:13');
INSERT INTO `likes_massages` (`id`, `user_id`, `massages_id`, `created_at`) VALUES ('2', '2', '2', '2008-09-22 01:36:12');
INSERT INTO `likes_massages` (`id`, `user_id`, `massages_id`, `created_at`) VALUES ('3', '3', '3', '1990-06-26 15:40:48');
INSERT INTO `likes_massages` (`id`, `user_id`, `massages_id`, `created_at`) VALUES ('4', '4', '4', '2002-01-11 12:45:56');
INSERT INTO `likes_massages` (`id`, `user_id`, `massages_id`, `created_at`) VALUES ('5', '5', '5', '1982-03-09 08:47:03');
INSERT INTO `likes_massages` (`id`, `user_id`, `massages_id`, `created_at`) VALUES ('6', '6', '6', '1978-12-07 22:02:07');
INSERT INTO `likes_massages` (`id`, `user_id`, `massages_id`, `created_at`) VALUES ('7', '7', '7', '1987-11-10 00:34:14');
INSERT INTO `likes_massages` (`id`, `user_id`, `massages_id`, `created_at`) VALUES ('8', '8', '8', '1989-03-28 17:00:45');
INSERT INTO `likes_massages` (`id`, `user_id`, `massages_id`, `created_at`) VALUES ('9', '9', '9', '2001-05-22 00:28:39');
INSERT INTO `likes_massages` (`id`, `user_id`, `massages_id`, `created_at`) VALUES ('10', '10', '10', '2008-06-12 11:42:11');
INSERT INTO `likes_massages` (`id`, `user_id`, `massages_id`, `created_at`) VALUES ('11', '11', '11', '1972-04-09 21:25:41');
INSERT INTO `likes_massages` (`id`, `user_id`, `massages_id`, `created_at`) VALUES ('12', '12', '12', '1996-06-07 15:55:02');
INSERT INTO `likes_massages` (`id`, `user_id`, `massages_id`, `created_at`) VALUES ('13', '13', '13', '1994-07-10 06:46:14');
INSERT INTO `likes_massages` (`id`, `user_id`, `massages_id`, `created_at`) VALUES ('14', '14', '14', '1983-11-05 00:00:07');
INSERT INTO `likes_massages` (`id`, `user_id`, `massages_id`, `created_at`) VALUES ('15', '15', '15', '1981-10-09 16:36:49');
INSERT INTO `likes_massages` (`id`, `user_id`, `massages_id`, `created_at`) VALUES ('16', '16', '16', '1992-01-20 07:34:38');
INSERT INTO `likes_massages` (`id`, `user_id`, `massages_id`, `created_at`) VALUES ('17', '17', '17', '1988-11-14 22:18:24');
INSERT INTO `likes_massages` (`id`, `user_id`, `massages_id`, `created_at`) VALUES ('18', '18', '18', '1986-12-18 00:06:46');
INSERT INTO `likes_massages` (`id`, `user_id`, `massages_id`, `created_at`) VALUES ('19', '19', '19', '2016-09-09 12:09:34');
INSERT INTO `likes_massages` (`id`, `user_id`, `massages_id`, `created_at`) VALUES ('20', '20', '20', '1998-08-05 04:38:57');
INSERT INTO `likes_massages` (`id`, `user_id`, `massages_id`, `created_at`) VALUES ('21', '21', '21', '1999-05-15 06:00:42');
INSERT INTO `likes_massages` (`id`, `user_id`, `massages_id`, `created_at`) VALUES ('22', '22', '22', '2011-07-23 17:51:32');
INSERT INTO `likes_massages` (`id`, `user_id`, `massages_id`, `created_at`) VALUES ('23', '23', '23', '2016-01-02 14:03:01');
INSERT INTO `likes_massages` (`id`, `user_id`, `massages_id`, `created_at`) VALUES ('24', '24', '24', '1971-05-17 11:06:31');
INSERT INTO `likes_massages` (`id`, `user_id`, `massages_id`, `created_at`) VALUES ('25', '25', '25', '2003-10-22 22:15:03');
INSERT INTO `likes_massages` (`id`, `user_id`, `massages_id`, `created_at`) VALUES ('26', '26', '26', '1990-06-24 20:07:36');
INSERT INTO `likes_massages` (`id`, `user_id`, `massages_id`, `created_at`) VALUES ('27', '27', '27', '1996-02-13 12:54:17');
INSERT INTO `likes_massages` (`id`, `user_id`, `massages_id`, `created_at`) VALUES ('28', '28', '28', '1987-06-26 14:38:28');
INSERT INTO `likes_massages` (`id`, `user_id`, `massages_id`, `created_at`) VALUES ('29', '29', '29', '1972-12-17 02:16:23');
INSERT INTO `likes_massages` (`id`, `user_id`, `massages_id`, `created_at`) VALUES ('30', '30', '30', '1994-05-19 20:14:13');
INSERT INTO `likes_massages` (`id`, `user_id`, `massages_id`, `created_at`) VALUES ('31', '31', '31', '1990-04-14 00:34:00');
INSERT INTO `likes_massages` (`id`, `user_id`, `massages_id`, `created_at`) VALUES ('32', '32', '32', '2011-12-16 00:15:23');
INSERT INTO `likes_massages` (`id`, `user_id`, `massages_id`, `created_at`) VALUES ('33', '33', '33', '1978-06-11 19:10:34');
INSERT INTO `likes_massages` (`id`, `user_id`, `massages_id`, `created_at`) VALUES ('34', '34', '34', '2005-11-12 08:49:34');
INSERT INTO `likes_massages` (`id`, `user_id`, `massages_id`, `created_at`) VALUES ('35', '35', '35', '2008-02-11 21:56:32');
INSERT INTO `likes_massages` (`id`, `user_id`, `massages_id`, `created_at`) VALUES ('36', '36', '36', '1987-05-10 23:27:57');
INSERT INTO `likes_massages` (`id`, `user_id`, `massages_id`, `created_at`) VALUES ('37', '37', '37', '1980-04-26 09:04:39');
INSERT INTO `likes_massages` (`id`, `user_id`, `massages_id`, `created_at`) VALUES ('38', '38', '38', '1980-12-01 23:39:10');
INSERT INTO `likes_massages` (`id`, `user_id`, `massages_id`, `created_at`) VALUES ('39', '39', '39', '1994-07-19 21:13:47');
INSERT INTO `likes_massages` (`id`, `user_id`, `massages_id`, `created_at`) VALUES ('40', '40', '40', '2006-12-17 17:38:27');
INSERT INTO `likes_massages` (`id`, `user_id`, `massages_id`, `created_at`) VALUES ('41', '41', '41', '1976-08-16 12:12:48');
INSERT INTO `likes_massages` (`id`, `user_id`, `massages_id`, `created_at`) VALUES ('42', '42', '42', '1974-02-01 00:45:42');
INSERT INTO `likes_massages` (`id`, `user_id`, `massages_id`, `created_at`) VALUES ('43', '43', '43', '1986-04-18 13:18:01');
INSERT INTO `likes_massages` (`id`, `user_id`, `massages_id`, `created_at`) VALUES ('44', '44', '44', '2012-08-03 05:05:42');
INSERT INTO `likes_massages` (`id`, `user_id`, `massages_id`, `created_at`) VALUES ('45', '45', '45', '1983-11-29 15:06:54');
INSERT INTO `likes_massages` (`id`, `user_id`, `massages_id`, `created_at`) VALUES ('46', '46', '46', '2016-05-14 05:32:50');
INSERT INTO `likes_massages` (`id`, `user_id`, `massages_id`, `created_at`) VALUES ('47', '47', '47', '2011-06-24 01:11:35');
INSERT INTO `likes_massages` (`id`, `user_id`, `massages_id`, `created_at`) VALUES ('48', '48', '48', '1990-10-15 03:37:30');
INSERT INTO `likes_massages` (`id`, `user_id`, `massages_id`, `created_at`) VALUES ('49', '49', '49', '2017-09-08 15:40:43');
INSERT INTO `likes_massages` (`id`, `user_id`, `massages_id`, `created_at`) VALUES ('50', '50', '50', '1979-03-26 03:00:31');
INSERT INTO `likes_massages` (`id`, `user_id`, `massages_id`, `created_at`) VALUES ('51', '51', '51', '1976-03-26 16:50:31');
INSERT INTO `likes_massages` (`id`, `user_id`, `massages_id`, `created_at`) VALUES ('52', '52', '52', '1997-12-18 07:55:47');
INSERT INTO `likes_massages` (`id`, `user_id`, `massages_id`, `created_at`) VALUES ('53', '53', '53', '2018-01-26 07:44:53');
INSERT INTO `likes_massages` (`id`, `user_id`, `massages_id`, `created_at`) VALUES ('54', '54', '54', '1975-09-20 15:23:26');
INSERT INTO `likes_massages` (`id`, `user_id`, `massages_id`, `created_at`) VALUES ('55', '55', '55', '1981-11-13 18:44:30');
INSERT INTO `likes_massages` (`id`, `user_id`, `massages_id`, `created_at`) VALUES ('56', '56', '56', '2003-07-01 12:44:51');
INSERT INTO `likes_massages` (`id`, `user_id`, `massages_id`, `created_at`) VALUES ('57', '57', '57', '1987-12-06 10:43:49');
INSERT INTO `likes_massages` (`id`, `user_id`, `massages_id`, `created_at`) VALUES ('58', '58', '58', '2018-06-26 07:26:37');
INSERT INTO `likes_massages` (`id`, `user_id`, `massages_id`, `created_at`) VALUES ('59', '59', '59', '2006-10-29 01:03:20');
INSERT INTO `likes_massages` (`id`, `user_id`, `massages_id`, `created_at`) VALUES ('60', '60', '60', '2007-10-08 20:53:40');
INSERT INTO `likes_massages` (`id`, `user_id`, `massages_id`, `created_at`) VALUES ('61', '61', '61', '1983-09-20 00:41:42');
INSERT INTO `likes_massages` (`id`, `user_id`, `massages_id`, `created_at`) VALUES ('62', '62', '62', '2017-05-16 02:19:56');
INSERT INTO `likes_massages` (`id`, `user_id`, `massages_id`, `created_at`) VALUES ('63', '63', '63', '2014-08-07 01:51:16');
INSERT INTO `likes_massages` (`id`, `user_id`, `massages_id`, `created_at`) VALUES ('64', '64', '64', '2006-05-29 04:38:19');
INSERT INTO `likes_massages` (`id`, `user_id`, `massages_id`, `created_at`) VALUES ('65', '65', '65', '1988-01-20 12:19:06');
INSERT INTO `likes_massages` (`id`, `user_id`, `massages_id`, `created_at`) VALUES ('66', '66', '66', '1995-09-18 22:48:21');
INSERT INTO `likes_massages` (`id`, `user_id`, `massages_id`, `created_at`) VALUES ('67', '67', '67', '1988-06-30 10:35:08');
INSERT INTO `likes_massages` (`id`, `user_id`, `massages_id`, `created_at`) VALUES ('68', '68', '68', '2004-10-03 14:47:49');
INSERT INTO `likes_massages` (`id`, `user_id`, `massages_id`, `created_at`) VALUES ('69', '69', '69', '1988-11-08 09:20:49');
INSERT INTO `likes_massages` (`id`, `user_id`, `massages_id`, `created_at`) VALUES ('70', '70', '70', '1971-01-03 22:03:38');
INSERT INTO `likes_massages` (`id`, `user_id`, `massages_id`, `created_at`) VALUES ('71', '71', '71', '1974-10-24 06:40:55');
INSERT INTO `likes_massages` (`id`, `user_id`, `massages_id`, `created_at`) VALUES ('72', '72', '72', '1991-09-08 16:26:56');
INSERT INTO `likes_massages` (`id`, `user_id`, `massages_id`, `created_at`) VALUES ('73', '73', '73', '1995-07-15 14:30:36');
INSERT INTO `likes_massages` (`id`, `user_id`, `massages_id`, `created_at`) VALUES ('74', '74', '74', '1999-07-19 02:00:21');
INSERT INTO `likes_massages` (`id`, `user_id`, `massages_id`, `created_at`) VALUES ('75', '75', '75', '1998-02-11 18:24:57');
INSERT INTO `likes_massages` (`id`, `user_id`, `massages_id`, `created_at`) VALUES ('76', '76', '76', '1996-06-30 02:00:49');
INSERT INTO `likes_massages` (`id`, `user_id`, `massages_id`, `created_at`) VALUES ('77', '77', '77', '1991-02-25 23:27:14');
INSERT INTO `likes_massages` (`id`, `user_id`, `massages_id`, `created_at`) VALUES ('78', '78', '78', '2015-05-27 01:57:46');
INSERT INTO `likes_massages` (`id`, `user_id`, `massages_id`, `created_at`) VALUES ('79', '79', '79', '1980-08-04 02:00:09');
INSERT INTO `likes_massages` (`id`, `user_id`, `massages_id`, `created_at`) VALUES ('80', '80', '80', '1976-08-26 13:56:25');
INSERT INTO `likes_massages` (`id`, `user_id`, `massages_id`, `created_at`) VALUES ('81', '81', '81', '2000-02-03 23:41:17');
INSERT INTO `likes_massages` (`id`, `user_id`, `massages_id`, `created_at`) VALUES ('82', '82', '82', '1986-03-18 03:11:50');
INSERT INTO `likes_massages` (`id`, `user_id`, `massages_id`, `created_at`) VALUES ('83', '83', '83', '1997-10-07 01:51:30');
INSERT INTO `likes_massages` (`id`, `user_id`, `massages_id`, `created_at`) VALUES ('84', '84', '84', '1970-09-20 20:34:16');
INSERT INTO `likes_massages` (`id`, `user_id`, `massages_id`, `created_at`) VALUES ('85', '85', '85', '1992-12-05 21:49:07');
INSERT INTO `likes_massages` (`id`, `user_id`, `massages_id`, `created_at`) VALUES ('86', '86', '86', '1975-12-01 23:58:58');
INSERT INTO `likes_massages` (`id`, `user_id`, `massages_id`, `created_at`) VALUES ('87', '87', '87', '2011-05-04 08:18:51');
INSERT INTO `likes_massages` (`id`, `user_id`, `massages_id`, `created_at`) VALUES ('88', '88', '88', '2005-06-08 11:38:32');
INSERT INTO `likes_massages` (`id`, `user_id`, `massages_id`, `created_at`) VALUES ('89', '89', '89', '1988-05-12 17:06:13');
INSERT INTO `likes_massages` (`id`, `user_id`, `massages_id`, `created_at`) VALUES ('90', '90', '90', '1990-08-29 18:40:47');
INSERT INTO `likes_massages` (`id`, `user_id`, `massages_id`, `created_at`) VALUES ('91', '91', '91', '1989-07-14 03:59:53');
INSERT INTO `likes_massages` (`id`, `user_id`, `massages_id`, `created_at`) VALUES ('92', '92', '92', '1974-11-25 05:01:37');
INSERT INTO `likes_massages` (`id`, `user_id`, `massages_id`, `created_at`) VALUES ('93', '93', '93', '2016-10-17 00:14:10');
INSERT INTO `likes_massages` (`id`, `user_id`, `massages_id`, `created_at`) VALUES ('94', '94', '94', '2007-08-09 21:45:33');
INSERT INTO `likes_massages` (`id`, `user_id`, `massages_id`, `created_at`) VALUES ('95', '95', '95', '2007-06-04 19:33:08');
INSERT INTO `likes_massages` (`id`, `user_id`, `massages_id`, `created_at`) VALUES ('96', '96', '96', '1971-12-27 01:35:30');
INSERT INTO `likes_massages` (`id`, `user_id`, `massages_id`, `created_at`) VALUES ('97', '97', '97', '2017-07-29 10:06:39');
INSERT INTO `likes_massages` (`id`, `user_id`, `massages_id`, `created_at`) VALUES ('98', '98', '98', '2017-05-24 10:30:04');
INSERT INTO `likes_massages` (`id`, `user_id`, `massages_id`, `created_at`) VALUES ('99', '99', '99', '2004-03-31 23:09:57');
INSERT INTO `likes_massages` (`id`, `user_id`, `massages_id`, `created_at`) VALUES ('100', '100', '100', '1971-03-20 07:36:15');


INSERT INTO `media_types` (`id`, `name`, `created_at`) VALUES ('1', 'beatae', '1978-02-15 14:59:56');
INSERT INTO `media_types` (`id`, `name`, `created_at`) VALUES ('2', 'enim', '1997-05-26 07:41:13');
INSERT INTO `media_types` (`id`, `name`, `created_at`) VALUES ('3', 'ullam', '1970-08-17 20:29:42');
INSERT INTO `media_types` (`id`, `name`, `created_at`) VALUES ('4', 'provident', '1987-11-09 00:20:35');
INSERT INTO `media_types` (`id`, `name`, `created_at`) VALUES ('5', 'in', '2019-09-10 11:49:23');
INSERT INTO `media_types` (`id`, `name`, `created_at`) VALUES ('6', 'repellendus', '1975-02-11 18:43:01');
INSERT INTO `media_types` (`id`, `name`, `created_at`) VALUES ('7', 'enim', '1987-01-17 15:50:51');
INSERT INTO `media_types` (`id`, `name`, `created_at`) VALUES ('8', 'autem', '1990-06-03 20:48:39');
INSERT INTO `media_types` (`id`, `name`, `created_at`) VALUES ('9', 'sed', '1981-09-15 11:42:22');
INSERT INTO `media_types` (`id`, `name`, `created_at`) VALUES ('10', 'quod', '1991-03-11 10:35:31');
INSERT INTO `media_types` (`id`, `name`, `created_at`) VALUES ('11', 'veniam', '1971-06-22 05:14:25');
INSERT INTO `media_types` (`id`, `name`, `created_at`) VALUES ('12', 'error', '1979-08-26 11:04:37');
INSERT INTO `media_types` (`id`, `name`, `created_at`) VALUES ('13', 'voluptas', '1989-06-26 14:39:15');
INSERT INTO `media_types` (`id`, `name`, `created_at`) VALUES ('14', 'ipsa', '2002-03-05 21:45:18');
INSERT INTO `media_types` (`id`, `name`, `created_at`) VALUES ('15', 'qui', '1992-10-10 19:12:40');
INSERT INTO `media_types` (`id`, `name`, `created_at`) VALUES ('16', 'eos', '1981-06-10 10:15:37');
INSERT INTO `media_types` (`id`, `name`, `created_at`) VALUES ('17', 'culpa', '1975-10-18 17:17:27');
INSERT INTO `media_types` (`id`, `name`, `created_at`) VALUES ('18', 'aspernatur', '2018-12-06 14:00:30');
INSERT INTO `media_types` (`id`, `name`, `created_at`) VALUES ('19', 'in', '2001-12-13 00:56:52');
INSERT INTO `media_types` (`id`, `name`, `created_at`) VALUES ('20', 'facere', '1993-03-21 08:21:14');
INSERT INTO `media_types` (`id`, `name`, `created_at`) VALUES ('21', 'quaerat', '2003-06-26 19:04:48');
INSERT INTO `media_types` (`id`, `name`, `created_at`) VALUES ('22', 'nihil', '2000-02-09 23:47:23');
INSERT INTO `media_types` (`id`, `name`, `created_at`) VALUES ('23', 'aut', '1984-03-23 12:23:42');
INSERT INTO `media_types` (`id`, `name`, `created_at`) VALUES ('24', 'consequuntur', '1976-10-05 09:06:46');
INSERT INTO `media_types` (`id`, `name`, `created_at`) VALUES ('25', 'non', '1990-06-08 03:38:26');
INSERT INTO `media_types` (`id`, `name`, `created_at`) VALUES ('26', 'inventore', '1994-06-09 13:10:36');
INSERT INTO `media_types` (`id`, `name`, `created_at`) VALUES ('27', 'deserunt', '2012-12-01 02:11:49');
INSERT INTO `media_types` (`id`, `name`, `created_at`) VALUES ('28', 'repudiandae', '2005-06-28 05:09:09');
INSERT INTO `media_types` (`id`, `name`, `created_at`) VALUES ('29', 'quasi', '1989-10-18 09:55:50');
INSERT INTO `media_types` (`id`, `name`, `created_at`) VALUES ('30', 'delectus', '1974-08-13 00:51:44');
INSERT INTO `media_types` (`id`, `name`, `created_at`) VALUES ('31', 'est', '1977-02-26 20:37:29');
INSERT INTO `media_types` (`id`, `name`, `created_at`) VALUES ('32', 'saepe', '2001-01-16 07:28:31');
INSERT INTO `media_types` (`id`, `name`, `created_at`) VALUES ('33', 'et', '2013-01-21 04:21:05');
INSERT INTO `media_types` (`id`, `name`, `created_at`) VALUES ('34', 'est', '1979-12-12 02:52:00');
INSERT INTO `media_types` (`id`, `name`, `created_at`) VALUES ('35', 'harum', '2017-12-22 18:50:42');
INSERT INTO `media_types` (`id`, `name`, `created_at`) VALUES ('36', 'ex', '1972-07-16 11:40:01');
INSERT INTO `media_types` (`id`, `name`, `created_at`) VALUES ('37', 'aperiam', '1979-04-12 17:33:54');
INSERT INTO `media_types` (`id`, `name`, `created_at`) VALUES ('38', 'nulla', '1971-09-24 10:13:41');
INSERT INTO `media_types` (`id`, `name`, `created_at`) VALUES ('39', 'sit', '2018-07-04 21:53:15');
INSERT INTO `media_types` (`id`, `name`, `created_at`) VALUES ('40', 'ad', '1980-04-12 21:05:16');
INSERT INTO `media_types` (`id`, `name`, `created_at`) VALUES ('41', 'voluptatem', '2019-09-18 16:50:22');
INSERT INTO `media_types` (`id`, `name`, `created_at`) VALUES ('42', 'quia', '1974-11-22 01:24:52');
INSERT INTO `media_types` (`id`, `name`, `created_at`) VALUES ('43', 'necessitatibus', '2016-12-08 15:00:44');
INSERT INTO `media_types` (`id`, `name`, `created_at`) VALUES ('44', 'dolores', '1978-01-24 20:03:28');
INSERT INTO `media_types` (`id`, `name`, `created_at`) VALUES ('45', 'voluptas', '2011-04-11 16:28:47');
INSERT INTO `media_types` (`id`, `name`, `created_at`) VALUES ('46', 'unde', '2001-07-11 23:11:12');
INSERT INTO `media_types` (`id`, `name`, `created_at`) VALUES ('47', 'quod', '1997-04-05 20:36:52');
INSERT INTO `media_types` (`id`, `name`, `created_at`) VALUES ('48', 'et', '2018-08-26 09:26:44');
INSERT INTO `media_types` (`id`, `name`, `created_at`) VALUES ('49', 'tenetur', '2007-05-09 22:51:00');
INSERT INTO `media_types` (`id`, `name`, `created_at`) VALUES ('50', 'necessitatibus', '1976-02-27 07:16:29');
INSERT INTO `media_types` (`id`, `name`, `created_at`) VALUES ('51', 'et', '2013-07-16 16:49:48');
INSERT INTO `media_types` (`id`, `name`, `created_at`) VALUES ('52', 'necessitatibus', '1986-01-31 01:53:55');
INSERT INTO `media_types` (`id`, `name`, `created_at`) VALUES ('53', 'sunt', '1975-06-28 07:21:29');
INSERT INTO `media_types` (`id`, `name`, `created_at`) VALUES ('54', 'nemo', '2005-04-25 16:20:14');
INSERT INTO `media_types` (`id`, `name`, `created_at`) VALUES ('55', 'vel', '1983-09-26 22:19:34');
INSERT INTO `media_types` (`id`, `name`, `created_at`) VALUES ('56', 'eum', '1982-01-21 00:31:23');
INSERT INTO `media_types` (`id`, `name`, `created_at`) VALUES ('57', 'qui', '1972-01-24 01:15:38');
INSERT INTO `media_types` (`id`, `name`, `created_at`) VALUES ('58', 'vel', '1990-08-19 00:42:49');
INSERT INTO `media_types` (`id`, `name`, `created_at`) VALUES ('59', 'ea', '2010-06-01 10:58:39');
INSERT INTO `media_types` (`id`, `name`, `created_at`) VALUES ('60', 'qui', '2004-09-06 09:06:57');
INSERT INTO `media_types` (`id`, `name`, `created_at`) VALUES ('61', 'quia', '1987-04-22 10:24:52');
INSERT INTO `media_types` (`id`, `name`, `created_at`) VALUES ('62', 'ut', '1977-10-24 18:58:34');
INSERT INTO `media_types` (`id`, `name`, `created_at`) VALUES ('63', 'debitis', '1974-06-22 07:34:46');
INSERT INTO `media_types` (`id`, `name`, `created_at`) VALUES ('64', 'aut', '2009-04-06 12:46:09');
INSERT INTO `media_types` (`id`, `name`, `created_at`) VALUES ('65', 'laboriosam', '1993-08-25 11:09:42');
INSERT INTO `media_types` (`id`, `name`, `created_at`) VALUES ('66', 'quaerat', '1999-04-08 07:40:37');
INSERT INTO `media_types` (`id`, `name`, `created_at`) VALUES ('67', 'dolorem', '1997-08-16 08:44:29');
INSERT INTO `media_types` (`id`, `name`, `created_at`) VALUES ('68', 'molestiae', '1978-09-26 14:58:02');
INSERT INTO `media_types` (`id`, `name`, `created_at`) VALUES ('69', 'corrupti', '2002-08-07 17:23:39');
INSERT INTO `media_types` (`id`, `name`, `created_at`) VALUES ('70', 'ullam', '1996-08-23 07:42:36');
INSERT INTO `media_types` (`id`, `name`, `created_at`) VALUES ('71', 'voluptas', '1997-08-08 03:35:55');
INSERT INTO `media_types` (`id`, `name`, `created_at`) VALUES ('72', 'dolorem', '2000-05-17 14:29:46');
INSERT INTO `media_types` (`id`, `name`, `created_at`) VALUES ('73', 'aspernatur', '2003-02-11 17:41:49');
INSERT INTO `media_types` (`id`, `name`, `created_at`) VALUES ('74', 'enim', '1979-10-17 00:26:31');
INSERT INTO `media_types` (`id`, `name`, `created_at`) VALUES ('75', 'dolorum', '2016-05-23 06:21:05');
INSERT INTO `media_types` (`id`, `name`, `created_at`) VALUES ('76', 'aut', '2002-06-08 15:58:38');
INSERT INTO `media_types` (`id`, `name`, `created_at`) VALUES ('77', 'cupiditate', '2018-12-24 08:48:40');
INSERT INTO `media_types` (`id`, `name`, `created_at`) VALUES ('78', 'mollitia', '1981-01-18 08:59:06');
INSERT INTO `media_types` (`id`, `name`, `created_at`) VALUES ('79', 'quae', '1985-03-10 05:45:39');
INSERT INTO `media_types` (`id`, `name`, `created_at`) VALUES ('80', 'omnis', '1986-10-17 08:42:19');
INSERT INTO `media_types` (`id`, `name`, `created_at`) VALUES ('81', 'saepe', '1990-10-07 22:24:20');
INSERT INTO `media_types` (`id`, `name`, `created_at`) VALUES ('82', 'vel', '2014-08-03 12:10:27');
INSERT INTO `media_types` (`id`, `name`, `created_at`) VALUES ('83', 'fugiat', '1975-04-04 22:35:33');
INSERT INTO `media_types` (`id`, `name`, `created_at`) VALUES ('84', 'facere', '1992-12-07 05:13:23');
INSERT INTO `media_types` (`id`, `name`, `created_at`) VALUES ('85', 'voluptates', '2002-05-29 04:29:36');
INSERT INTO `media_types` (`id`, `name`, `created_at`) VALUES ('86', 'ut', '1995-05-29 14:44:16');
INSERT INTO `media_types` (`id`, `name`, `created_at`) VALUES ('87', 'est', '1998-12-12 01:30:16');
INSERT INTO `media_types` (`id`, `name`, `created_at`) VALUES ('88', 'beatae', '2007-04-14 11:56:47');
INSERT INTO `media_types` (`id`, `name`, `created_at`) VALUES ('89', 'quis', '1992-11-25 00:45:31');
INSERT INTO `media_types` (`id`, `name`, `created_at`) VALUES ('90', 'architecto', '2014-01-29 17:46:56');
INSERT INTO `media_types` (`id`, `name`, `created_at`) VALUES ('91', 'consectetur', '2011-03-17 06:27:59');
INSERT INTO `media_types` (`id`, `name`, `created_at`) VALUES ('92', 'vel', '2014-08-23 19:23:50');
INSERT INTO `media_types` (`id`, `name`, `created_at`) VALUES ('93', 'aperiam', '1972-05-25 18:47:10');
INSERT INTO `media_types` (`id`, `name`, `created_at`) VALUES ('94', 'rerum', '1971-03-14 12:07:35');
INSERT INTO `media_types` (`id`, `name`, `created_at`) VALUES ('95', 'aliquid', '1988-08-27 22:37:43');
INSERT INTO `media_types` (`id`, `name`, `created_at`) VALUES ('96', 'non', '1975-02-11 19:56:50');
INSERT INTO `media_types` (`id`, `name`, `created_at`) VALUES ('97', 'quia', '1984-02-02 09:25:02');
INSERT INTO `media_types` (`id`, `name`, `created_at`) VALUES ('98', 'et', '1970-09-11 05:01:25');
INSERT INTO `media_types` (`id`, `name`, `created_at`) VALUES ('99', 'quia', '2006-08-04 19:55:04');
INSERT INTO `media_types` (`id`, `name`, `created_at`) VALUES ('100', 'dolorem', '2003-07-07 06:58:19');

INSERT INTO `media` (`id`, `media_type_id`, `user_id`, `body`, `filename`, `size`, `metadata`, `created_at`, `updated_at`) VALUES ('1', '1', '1', 'Eum quo doloremque voluptas deserunt sed dignissimos eius. Id ea at sit sit suscipit facere quam. Est repellendus dolorem debitis sed vel doloremque ut.', 'hic', 21, NULL, '2010-09-29 11:33:05', '1990-03-02 15:40:00');
INSERT INTO `media` (`id`, `media_type_id`, `user_id`, `body`, `filename`, `size`, `metadata`, `created_at`, `updated_at`) VALUES ('2', '2', '2', 'Quis temporibus illo doloremque velit odio sint. Cumque similique maxime distinctio voluptatem. Voluptatem id dolore voluptatum. Quasi consequatur deserunt rem iusto beatae.', 'rerum', 44, NULL, '1971-11-25 19:51:25', '2016-12-23 00:38:58');
INSERT INTO `media` (`id`, `media_type_id`, `user_id`, `body`, `filename`, `size`, `metadata`, `created_at`, `updated_at`) VALUES ('3', '3', '3', 'Est quia saepe quisquam ut necessitatibus eveniet sit natus. Voluptatem quia saepe totam beatae itaque nihil possimus. A quidem non animi aut fuga molestiae amet.', 'molestiae', 6598086, NULL, '1991-02-11 08:12:43', '2009-11-21 08:48:03');
INSERT INTO `media` (`id`, `media_type_id`, `user_id`, `body`, `filename`, `size`, `metadata`, `created_at`, `updated_at`) VALUES ('4', '4', '4', 'Sint aut explicabo est voluptate quo necessitatibus. Aspernatur voluptatem similique aspernatur temporibus sed sit. Laudantium odit omnis aliquid amet voluptas.', 'nostrum', 362103276, NULL, '2008-11-20 22:52:42', '1974-07-11 21:41:48');
INSERT INTO `media` (`id`, `media_type_id`, `user_id`, `body`, `filename`, `size`, `metadata`, `created_at`, `updated_at`) VALUES ('5', '5', '5', 'Tempore earum facilis aut voluptatem odio similique. Ab tempora hic laudantium quis. Consectetur nostrum cupiditate qui facere eos enim fugit. Tempore iure esse recusandae et tempore molestiae.', 'quam', 667, NULL, '1978-03-15 13:35:43', '1987-05-10 06:23:55');
INSERT INTO `media` (`id`, `media_type_id`, `user_id`, `body`, `filename`, `size`, `metadata`, `created_at`, `updated_at`) VALUES ('6', '6', '6', 'Atque ea accusantium consequatur consequatur quasi ut. Qui officia et exercitationem sint. Qui non itaque quae.', 'eius', 686076, NULL, '1977-09-28 09:21:56', '1994-12-21 21:13:17');
INSERT INTO `media` (`id`, `media_type_id`, `user_id`, `body`, `filename`, `size`, `metadata`, `created_at`, `updated_at`) VALUES ('7', '7', '7', 'Accusantium natus enim nulla voluptas aut dolorem. Error dolorem nostrum voluptatem nihil alias. Consectetur quasi atque mollitia ducimus sint consequatur.', 'facilis', 440, NULL, '1973-07-31 13:46:10', '2016-04-30 09:22:41');
INSERT INTO `media` (`id`, `media_type_id`, `user_id`, `body`, `filename`, `size`, `metadata`, `created_at`, `updated_at`) VALUES ('8', '8', '8', 'Sit qui qui amet est voluptas quas quia harum. Dolorem debitis dignissimos et et. Accusantium ratione itaque ut nesciunt alias. Dolorem quia at totam sint.', 'rerum', 4887, NULL, '1972-06-02 19:23:34', '1970-03-30 19:01:16');
INSERT INTO `media` (`id`, `media_type_id`, `user_id`, `body`, `filename`, `size`, `metadata`, `created_at`, `updated_at`) VALUES ('9', '9', '9', 'Cum sint et soluta voluptatem molestias amet iusto. Ad dignissimos consequatur perferendis recusandae nulla.', 'nihil', 326136420, NULL, '2003-10-19 06:42:04', '2003-03-05 06:42:48');
INSERT INTO `media` (`id`, `media_type_id`, `user_id`, `body`, `filename`, `size`, `metadata`, `created_at`, `updated_at`) VALUES ('10', '10', '10', 'Adipisci consequatur nihil placeat consectetur. Esse voluptas consequuntur quidem dolores. Minus nihil nihil officiis sunt odio.', 'et', 6564, NULL, '2003-08-21 08:56:00', '2017-05-18 04:02:33');
INSERT INTO `media` (`id`, `media_type_id`, `user_id`, `body`, `filename`, `size`, `metadata`, `created_at`, `updated_at`) VALUES ('11', '11', '11', 'Saepe et nesciunt minus. Voluptatem quasi quis quibusdam a. Dolores odit explicabo voluptatem nesciunt nulla voluptatem fugit magnam. Vitae ex sapiente molestias quas.', 'non', 9, NULL, '2019-03-19 11:59:35', '1983-11-23 23:57:50');
INSERT INTO `media` (`id`, `media_type_id`, `user_id`, `body`, `filename`, `size`, `metadata`, `created_at`, `updated_at`) VALUES ('12', '12', '12', 'Sed odio repudiandae qui ut veniam quis omnis. Et voluptatem consequatur sed est repudiandae quo. Sequi delectus dolorum temporibus consequuntur non distinctio. Vero sed neque nemo est.', 'voluptate', 15962288, NULL, '1986-12-28 11:22:37', '1990-02-01 07:30:38');
INSERT INTO `media` (`id`, `media_type_id`, `user_id`, `body`, `filename`, `size`, `metadata`, `created_at`, `updated_at`) VALUES ('13', '13', '13', 'Voluptatem sint dolorem magni error nihil. Nam vel est repellendus dolores. Quia cupiditate quia id ullam dolor rem dolorem. Earum necessitatibus deserunt et suscipit perspiciatis.', 'quis', 72, NULL, '1999-10-10 18:06:04', '1984-02-10 12:17:22');
INSERT INTO `media` (`id`, `media_type_id`, `user_id`, `body`, `filename`, `size`, `metadata`, `created_at`, `updated_at`) VALUES ('14', '14', '14', 'Fugiat voluptatem aperiam nihil ut inventore quasi. Ullam sunt occaecati tempore reiciendis ut ea molestias suscipit.', 'quibusdam', 210, NULL, '2017-09-30 21:55:30', '2016-12-28 10:25:57');
INSERT INTO `media` (`id`, `media_type_id`, `user_id`, `body`, `filename`, `size`, `metadata`, `created_at`, `updated_at`) VALUES ('15', '15', '15', 'Tempora amet eius iure consequatur omnis aut nesciunt. Quis eveniet est ex at. Necessitatibus et quia necessitatibus quam.', 'libero', 79073, NULL, '1992-10-11 19:46:43', '1984-11-09 15:55:31');
INSERT INTO `media` (`id`, `media_type_id`, `user_id`, `body`, `filename`, `size`, `metadata`, `created_at`, `updated_at`) VALUES ('16', '16', '16', 'Et omnis rerum id provident facere consequatur doloremque. Quia error sit et doloremque distinctio. Eum nostrum earum iste veritatis.', 'voluptates', 4673482, NULL, '1990-11-28 23:18:39', '1976-05-08 04:58:09');
INSERT INTO `media` (`id`, `media_type_id`, `user_id`, `body`, `filename`, `size`, `metadata`, `created_at`, `updated_at`) VALUES ('17', '17', '17', 'Rerum iste odit incidunt qui quis sed harum. Totam tempora excepturi et voluptates molestias illo similique. In est corrupti omnis blanditiis consequatur quia. Et amet quia voluptatem nesciunt aliquam sit.', 'et', 72, NULL, '2009-01-08 02:27:16', '2006-10-10 10:37:54');
INSERT INTO `media` (`id`, `media_type_id`, `user_id`, `body`, `filename`, `size`, `metadata`, `created_at`, `updated_at`) VALUES ('18', '18', '18', 'Exercitationem qui est nostrum velit debitis ea. Consequuntur pariatur quasi nesciunt accusamus iste eaque. Molestiae incidunt voluptate velit laudantium inventore. Sed aperiam maxime officia consectetur enim mollitia nisi.', 'quaerat', 991, NULL, '1991-02-25 07:18:05', '1989-02-20 02:40:58');
INSERT INTO `media` (`id`, `media_type_id`, `user_id`, `body`, `filename`, `size`, `metadata`, `created_at`, `updated_at`) VALUES ('19', '19', '19', 'Omnis repellendus dolore ut. Autem distinctio ducimus rem. Et quasi sint praesentium ea.', 'voluptas', 582393, NULL, '1999-12-26 16:44:31', '1996-10-07 03:46:47');
INSERT INTO `media` (`id`, `media_type_id`, `user_id`, `body`, `filename`, `size`, `metadata`, `created_at`, `updated_at`) VALUES ('20', '20', '20', 'Omnis in saepe iure exercitationem blanditiis dignissimos repellat. Rem ut consequatur nam odit aut et. Eligendi atque vel id illum vel tenetur ut.', 'eius', 0, NULL, '1986-02-23 00:17:38', '1983-03-21 17:11:49');
INSERT INTO `media` (`id`, `media_type_id`, `user_id`, `body`, `filename`, `size`, `metadata`, `created_at`, `updated_at`) VALUES ('21', '21', '21', 'Qui perspiciatis autem atque quia. Id esse nulla vero suscipit consequatur. Unde fugiat esse rerum ducimus. Quia debitis qui delectus magni magnam. Explicabo illum ipsum impedit est dolorem aut rerum.', 'repudiandae', 601709, NULL, '1983-11-13 05:07:25', '1994-05-09 09:10:55');
INSERT INTO `media` (`id`, `media_type_id`, `user_id`, `body`, `filename`, `size`, `metadata`, `created_at`, `updated_at`) VALUES ('22', '22', '22', 'Explicabo nesciunt natus similique aut dolor. Doloribus reprehenderit doloremque quos atque sint corrupti. Porro molestiae et perspiciatis voluptates recusandae explicabo.', 'nihil', 433, NULL, '2002-01-06 09:43:21', '1973-09-13 18:28:09');
INSERT INTO `media` (`id`, `media_type_id`, `user_id`, `body`, `filename`, `size`, `metadata`, `created_at`, `updated_at`) VALUES ('23', '23', '23', 'Nobis adipisci doloribus accusantium nesciunt illum quia et. Ut autem voluptatum aliquid odio. Soluta impedit culpa iusto omnis. Earum totam ut alias provident ut sed aspernatur.', 'quia', 6, NULL, '2006-04-26 14:18:45', '2012-05-19 00:08:06');
INSERT INTO `media` (`id`, `media_type_id`, `user_id`, `body`, `filename`, `size`, `metadata`, `created_at`, `updated_at`) VALUES ('24', '24', '24', 'Eos eos praesentium sint laboriosam est eos consectetur. Occaecati iste tempore eius autem voluptatem.', 'rem', 99322433, NULL, '2018-02-24 23:51:23', '1993-10-16 07:30:49');
INSERT INTO `media` (`id`, `media_type_id`, `user_id`, `body`, `filename`, `size`, `metadata`, `created_at`, `updated_at`) VALUES ('25', '25', '25', 'Recusandae aut nihil corporis dolorem fuga. Tenetur voluptas placeat quia et qui eius aut aut. Doloremque voluptatem accusamus dignissimos architecto quaerat voluptatem sapiente. Sunt officia saepe inventore dolorem. Rerum aliquam quaerat modi quas maiores quos et qui.', 'et', 559, NULL, '1985-10-15 15:19:06', '1979-05-07 09:35:32');
INSERT INTO `media` (`id`, `media_type_id`, `user_id`, `body`, `filename`, `size`, `metadata`, `created_at`, `updated_at`) VALUES ('26', '26', '26', 'Occaecati molestiae qui autem aperiam rerum vel non. Eaque ut ut voluptatem pariatur rem. Et quasi illo omnis est enim.', 'facere', 13459100, NULL, '1989-03-15 10:28:42', '2013-08-04 07:47:25');
INSERT INTO `media` (`id`, `media_type_id`, `user_id`, `body`, `filename`, `size`, `metadata`, `created_at`, `updated_at`) VALUES ('27', '27', '27', 'Qui consequuntur vitae eos aut alias. Eligendi qui repudiandae earum blanditiis reiciendis. Sapiente ea sint enim illum voluptas et sunt.', 'voluptas', 216, NULL, '2003-02-26 04:47:49', '1970-03-30 07:49:25');
INSERT INTO `media` (`id`, `media_type_id`, `user_id`, `body`, `filename`, `size`, `metadata`, `created_at`, `updated_at`) VALUES ('28', '28', '28', 'Minima eos ut ipsa repellat quis omnis sit quo. Voluptatibus blanditiis velit placeat quis voluptas voluptatem ab ratione. Eos cumque similique cumque voluptas inventore.', 'qui', 61, NULL, '2001-07-31 22:32:00', '2002-09-25 23:56:18');
INSERT INTO `media` (`id`, `media_type_id`, `user_id`, `body`, `filename`, `size`, `metadata`, `created_at`, `updated_at`) VALUES ('29', '29', '29', 'Et mollitia dicta deleniti explicabo deleniti qui magnam qui. Odio odit quo quos fugit. Libero quo minus sunt in consequatur. Vel commodi ut nostrum reprehenderit officia.', 'in', 148681714, NULL, '1992-03-18 09:40:10', '1989-08-26 11:51:46');
INSERT INTO `media` (`id`, `media_type_id`, `user_id`, `body`, `filename`, `size`, `metadata`, `created_at`, `updated_at`) VALUES ('30', '30', '30', 'Velit suscipit quia occaecati mollitia. Amet temporibus voluptate quas necessitatibus provident voluptatem eum corporis. Non ut et fuga quos sint quidem inventore magnam.', 'pariatur', 49979388, NULL, '1999-01-23 12:58:30', '1988-03-07 14:17:47');
INSERT INTO `media` (`id`, `media_type_id`, `user_id`, `body`, `filename`, `size`, `metadata`, `created_at`, `updated_at`) VALUES ('31', '31', '31', 'Nihil quia vel rerum reiciendis est veniam voluptatem. Earum asperiores quos error molestiae unde molestiae sit. Qui explicabo aut non.', 'omnis', 591934, NULL, '1987-02-18 10:58:31', '2011-10-16 10:32:08');
INSERT INTO `media` (`id`, `media_type_id`, `user_id`, `body`, `filename`, `size`, `metadata`, `created_at`, `updated_at`) VALUES ('32', '32', '32', 'Ut corrupti et quae odio qui sint est. Placeat qui veniam reiciendis voluptas nihil enim. Aut quis quisquam quia ut magnam.', 'reprehenderit', 8713341, NULL, '2019-05-10 10:31:03', '1986-01-03 06:13:30');
INSERT INTO `media` (`id`, `media_type_id`, `user_id`, `body`, `filename`, `size`, `metadata`, `created_at`, `updated_at`) VALUES ('33', '33', '33', 'Ut omnis iusto sequi asperiores et provident eius. Tenetur dicta tempora ut ad ullam. Ullam placeat deleniti assumenda. Facilis distinctio illo reprehenderit vel. Quo voluptas earum aut ipsam in sunt.', 'illum', 19694, NULL, '2012-05-19 19:56:41', '1970-03-26 18:17:18');
INSERT INTO `media` (`id`, `media_type_id`, `user_id`, `body`, `filename`, `size`, `metadata`, `created_at`, `updated_at`) VALUES ('34', '34', '34', 'Ut eum in quia quod et. Voluptatem rerum ipsa at odit. Aut quia delectus doloremque.', 'nulla', 3210, NULL, '2003-04-14 13:07:54', '2001-07-18 17:42:05');
INSERT INTO `media` (`id`, `media_type_id`, `user_id`, `body`, `filename`, `size`, `metadata`, `created_at`, `updated_at`) VALUES ('35', '35', '35', 'Soluta officia hic ad est nobis alias placeat. Debitis enim eos nulla. Reprehenderit corporis porro optio. Cupiditate delectus magni voluptas aperiam soluta qui.', 'similique', 42091645, NULL, '2003-04-09 05:44:21', '2015-05-27 00:58:56');
INSERT INTO `media` (`id`, `media_type_id`, `user_id`, `body`, `filename`, `size`, `metadata`, `created_at`, `updated_at`) VALUES ('36', '36', '36', 'Corrupti maiores tempora et atque rem saepe. Quo delectus molestiae veritatis. Atque hic voluptas suscipit ducimus assumenda nam. Quas rem voluptatem explicabo aut cum.', 'impedit', 7463, NULL, '1980-06-08 06:57:12', '2000-09-08 12:56:20');
INSERT INTO `media` (`id`, `media_type_id`, `user_id`, `body`, `filename`, `size`, `metadata`, `created_at`, `updated_at`) VALUES ('37', '37', '37', 'Dolore quia officiis odio maiores asperiores. Quis eos quibusdam nam. Qui debitis accusamus et et.', 'impedit', 0, NULL, '2013-04-16 05:45:45', '2017-10-24 06:51:24');
INSERT INTO `media` (`id`, `media_type_id`, `user_id`, `body`, `filename`, `size`, `metadata`, `created_at`, `updated_at`) VALUES ('38', '38', '38', 'Rerum aperiam ipsam ipsa debitis deleniti eaque. Voluptas qui quibusdam natus corporis tenetur vero quia. Voluptatibus labore odio nihil tempora rerum.', 'dolorem', 69686, NULL, '2010-10-15 10:56:21', '1983-03-17 02:59:13');
INSERT INTO `media` (`id`, `media_type_id`, `user_id`, `body`, `filename`, `size`, `metadata`, `created_at`, `updated_at`) VALUES ('39', '39', '39', 'Voluptatem ipsa quas qui labore. Officia dolorem debitis eos et. Iste natus at sequi soluta excepturi rerum nihil.', 'sit', 0, NULL, '1989-08-30 20:36:50', '1991-08-02 07:05:41');
INSERT INTO `media` (`id`, `media_type_id`, `user_id`, `body`, `filename`, `size`, `metadata`, `created_at`, `updated_at`) VALUES ('40', '40', '40', 'Qui repudiandae corrupti assumenda deserunt dolor sequi et. Ut similique earum ratione est cumque reprehenderit quos. Possimus qui repellat voluptas voluptatem doloremque ad voluptatem.', 'et', 6542, NULL, '1995-11-08 07:35:05', '1990-02-13 02:05:04');
INSERT INTO `media` (`id`, `media_type_id`, `user_id`, `body`, `filename`, `size`, `metadata`, `created_at`, `updated_at`) VALUES ('41', '41', '41', 'Voluptatibus tenetur accusamus ut tempora et sit iusto. Numquam vel quod quos dolorum quae cumque tenetur. Debitis aut molestiae doloremque facere.', 'maxime', 797998524, NULL, '2012-01-16 00:09:23', '2018-07-10 22:51:26');
INSERT INTO `media` (`id`, `media_type_id`, `user_id`, `body`, `filename`, `size`, `metadata`, `created_at`, `updated_at`) VALUES ('42', '42', '42', 'Porro qui nihil at rerum et sed id. Sequi sit accusamus tenetur ducimus. Est nesciunt eum possimus iste culpa et et.', 'sint', 3346, NULL, '1982-03-24 11:58:46', '1975-12-24 01:35:08');
INSERT INTO `media` (`id`, `media_type_id`, `user_id`, `body`, `filename`, `size`, `metadata`, `created_at`, `updated_at`) VALUES ('43', '43', '43', 'Nemo voluptatem minus qui aliquam. Et tempore deserunt voluptatibus mollitia. Rem voluptas accusamus voluptatum in.', 'nostrum', 613073905, NULL, '1995-10-21 22:03:06', '2010-03-28 20:26:50');
INSERT INTO `media` (`id`, `media_type_id`, `user_id`, `body`, `filename`, `size`, `metadata`, `created_at`, `updated_at`) VALUES ('44', '44', '44', 'Corporis veritatis dolor tenetur sit. Sequi ipsam atque rerum similique autem eius. Quod voluptatem rerum minus. Labore illum aut et vel laborum iusto ratione.', 'iure', 2377, NULL, '1987-08-15 12:46:09', '2003-07-09 04:21:25');
INSERT INTO `media` (`id`, `media_type_id`, `user_id`, `body`, `filename`, `size`, `metadata`, `created_at`, `updated_at`) VALUES ('45', '45', '45', 'Consequatur sint sint voluptatem molestiae totam ad officia. Quibusdam beatae cumque quas provident. Quo aspernatur et odit suscipit non repudiandae optio. Sit odit ad tempora qui omnis nihil perferendis.', 'saepe', 81562, NULL, '1982-02-14 13:18:29', '2001-09-25 02:56:54');
INSERT INTO `media` (`id`, `media_type_id`, `user_id`, `body`, `filename`, `size`, `metadata`, `created_at`, `updated_at`) VALUES ('46', '46', '46', 'Autem natus ex voluptatem modi omnis. Perspiciatis incidunt aperiam voluptates.', 'voluptatem', 31191, NULL, '1976-09-06 16:10:32', '1988-07-30 01:56:05');
INSERT INTO `media` (`id`, `media_type_id`, `user_id`, `body`, `filename`, `size`, `metadata`, `created_at`, `updated_at`) VALUES ('47', '47', '47', 'Et voluptatibus explicabo non aut ut quia. Sed commodi quo repudiandae enim et illo quam molestias. Totam saepe fugiat labore sed excepturi. Facilis dicta autem culpa non.', 'molestiae', 336, NULL, '1972-04-04 09:43:14', '1999-12-26 18:42:55');
INSERT INTO `media` (`id`, `media_type_id`, `user_id`, `body`, `filename`, `size`, `metadata`, `created_at`, `updated_at`) VALUES ('48', '48', '48', 'Recusandae ut molestiae voluptatibus delectus et ullam. Error accusamus aut id molestiae dolores doloremque optio vitae.', 'recusandae', 0, NULL, '2001-11-15 07:30:11', '2011-11-15 03:53:12');
INSERT INTO `media` (`id`, `media_type_id`, `user_id`, `body`, `filename`, `size`, `metadata`, `created_at`, `updated_at`) VALUES ('49', '49', '49', 'Voluptate repudiandae necessitatibus quis. Exercitationem ad quibusdam ducimus dolorem dolorum. Repudiandae et quas ipsa ex. Ea expedita nulla deserunt.', 'eius', 2, NULL, '1996-01-10 13:01:43', '2002-01-31 04:36:29');
INSERT INTO `media` (`id`, `media_type_id`, `user_id`, `body`, `filename`, `size`, `metadata`, `created_at`, `updated_at`) VALUES ('50', '50', '50', 'Nisi eligendi deleniti delectus ipsa. Veniam velit maiores explicabo sunt. Amet nemo labore placeat sit esse id id.', 'aut', 7203831, NULL, '1976-04-19 09:20:16', '2006-02-19 19:46:32');
INSERT INTO `media` (`id`, `media_type_id`, `user_id`, `body`, `filename`, `size`, `metadata`, `created_at`, `updated_at`) VALUES ('51', '51', '51', 'Qui vel voluptas labore ut autem dolores. Sit id id id voluptatem qui saepe. Placeat quidem odio asperiores numquam ex.', 'ut', 415404, NULL, '1992-07-19 09:49:45', '1984-05-02 00:05:18');
INSERT INTO `media` (`id`, `media_type_id`, `user_id`, `body`, `filename`, `size`, `metadata`, `created_at`, `updated_at`) VALUES ('52', '52', '52', 'Et tenetur consequatur voluptas dolores. Sint sed repellat et reiciendis incidunt a facere. Natus est quo ad explicabo vero rerum debitis.', 'blanditiis', 660693, NULL, '2017-11-16 21:43:10', '1996-07-03 11:38:04');
INSERT INTO `media` (`id`, `media_type_id`, `user_id`, `body`, `filename`, `size`, `metadata`, `created_at`, `updated_at`) VALUES ('53', '53', '53', 'Qui eveniet consequuntur ut aut repudiandae. Quis odit dolores voluptatibus maiores. Harum nam quam a ex ipsum quasi iusto. Id est placeat est impedit dolores nemo et. Sint ut repellat qui consequatur dolorum et.', 'soluta', 977452, NULL, '1972-09-19 19:07:06', '2002-05-04 21:57:30');
INSERT INTO `media` (`id`, `media_type_id`, `user_id`, `body`, `filename`, `size`, `metadata`, `created_at`, `updated_at`) VALUES ('54', '54', '54', 'Sint eos placeat ea exercitationem. Deleniti eum iste eveniet accusantium nostrum ducimus aliquam. Eligendi perspiciatis quam sapiente architecto et.', 'est', 68, NULL, '2014-10-14 03:46:59', '1983-07-20 19:44:52');
INSERT INTO `media` (`id`, `media_type_id`, `user_id`, `body`, `filename`, `size`, `metadata`, `created_at`, `updated_at`) VALUES ('55', '55', '55', 'Ea eum molestiae optio quia architecto. Dolore vel consequatur eius omnis laudantium sint vitae fugiat. Magnam neque ipsum et sit ut iste.', 'fugiat', 241237, NULL, '1972-11-07 01:37:42', '1996-12-08 00:46:42');
INSERT INTO `media` (`id`, `media_type_id`, `user_id`, `body`, `filename`, `size`, `metadata`, `created_at`, `updated_at`) VALUES ('56', '56', '56', 'Placeat corporis nemo exercitationem magni repellat temporibus numquam. Maxime amet eum molestias illo velit inventore. Molestiae vitae quia sint consequuntur fuga qui culpa. Nisi est beatae quis nesciunt dolores eveniet illum.', 'voluptatem', 0, NULL, '1996-05-25 20:00:25', '1979-09-15 04:56:30');
INSERT INTO `media` (`id`, `media_type_id`, `user_id`, `body`, `filename`, `size`, `metadata`, `created_at`, `updated_at`) VALUES ('57', '57', '57', 'Rerum fugit odit reiciendis est a officia. Dolor accusantium repudiandae dolore rerum eius laboriosam quod. Dolorem quaerat laboriosam at dolore. Delectus natus nisi recusandae ex vel animi ad qui.', 'qui', 5018573, NULL, '1976-08-11 02:02:02', '2008-05-18 05:54:04');
INSERT INTO `media` (`id`, `media_type_id`, `user_id`, `body`, `filename`, `size`, `metadata`, `created_at`, `updated_at`) VALUES ('58', '58', '58', 'Sit quae quia quaerat nostrum quidem quia sit. Eos et non nulla qui ut. Atque in dolores et voluptatem qui quis perspiciatis. Qui error sed ducimus est qui quibusdam.', 'possimus', 87308666, NULL, '1991-01-01 09:02:03', '1981-03-14 16:11:46');
INSERT INTO `media` (`id`, `media_type_id`, `user_id`, `body`, `filename`, `size`, `metadata`, `created_at`, `updated_at`) VALUES ('59', '59', '59', 'Officia velit maxime porro minus. Quisquam minima expedita eum. Dicta qui voluptas unde in numquam.', 'saepe', 6, NULL, '1981-02-21 03:59:07', '1995-05-27 02:51:57');
INSERT INTO `media` (`id`, `media_type_id`, `user_id`, `body`, `filename`, `size`, `metadata`, `created_at`, `updated_at`) VALUES ('60', '60', '60', 'Et quod et ducimus cupiditate culpa. Ea et minima laboriosam eaque. Id qui eum voluptatem eius beatae. Asperiores nulla rerum et nihil suscipit quis explicabo accusantium.', 'quia', 64137508, NULL, '1981-04-07 08:29:30', '1993-12-11 21:39:28');
INSERT INTO `media` (`id`, `media_type_id`, `user_id`, `body`, `filename`, `size`, `metadata`, `created_at`, `updated_at`) VALUES ('61', '61', '61', 'Deleniti sit quae excepturi esse perferendis. Quaerat distinctio officia molestiae sed facilis consequatur ea officia. Non dolor sit et unde voluptatem.', 'non', 0, NULL, '1986-06-23 04:59:49', '1997-03-21 04:10:15');
INSERT INTO `media` (`id`, `media_type_id`, `user_id`, `body`, `filename`, `size`, `metadata`, `created_at`, `updated_at`) VALUES ('62', '62', '62', 'In qui officiis dolores et. Distinctio numquam dolores est asperiores. Quia sit ut sint laborum repellat quisquam voluptatum.', 'aut', 665876013, NULL, '2002-04-06 04:40:16', '1982-03-25 23:58:34');
INSERT INTO `media` (`id`, `media_type_id`, `user_id`, `body`, `filename`, `size`, `metadata`, `created_at`, `updated_at`) VALUES ('63', '63', '63', 'Blanditiis nihil iusto placeat inventore sit vero. Tempora harum perspiciatis et et itaque quis qui odio. In vitae est quos qui.', 'voluptate', 2, NULL, '2018-07-22 19:17:23', '2005-08-31 06:23:30');
INSERT INTO `media` (`id`, `media_type_id`, `user_id`, `body`, `filename`, `size`, `metadata`, `created_at`, `updated_at`) VALUES ('64', '64', '64', 'Velit in asperiores et aut corporis dicta molestiae. Omnis reprehenderit autem animi ab occaecati est qui. Quibusdam ut iusto sint non in. Placeat vitae ducimus aut.', 'vero', 0, NULL, '1979-11-25 05:20:12', '2017-08-27 11:45:34');
INSERT INTO `media` (`id`, `media_type_id`, `user_id`, `body`, `filename`, `size`, `metadata`, `created_at`, `updated_at`) VALUES ('65', '65', '65', 'Vel dolorum expedita tenetur veritatis est sunt. Accusantium quam consequatur voluptatem expedita numquam et. Enim labore fuga facilis ut. Tempore aut quo eos.', 'libero', 67581, NULL, '2018-05-01 03:59:10', '1973-04-19 07:18:46');
INSERT INTO `media` (`id`, `media_type_id`, `user_id`, `body`, `filename`, `size`, `metadata`, `created_at`, `updated_at`) VALUES ('66', '66', '66', 'Dignissimos maiores asperiores suscipit asperiores omnis non praesentium. Odit dignissimos consequatur non quia voluptatibus quam est. Voluptatibus mollitia possimus libero et praesentium et sint.', 'sequi', 6002, NULL, '1994-09-03 02:10:25', '2019-01-01 14:04:50');
INSERT INTO `media` (`id`, `media_type_id`, `user_id`, `body`, `filename`, `size`, `metadata`, `created_at`, `updated_at`) VALUES ('67', '67', '67', 'Vel maiores soluta quo voluptas ut sint. Error magni suscipit dolor molestiae et officiis.', 'magnam', 3745906, NULL, '2005-10-23 17:58:35', '2004-03-27 08:54:16');
INSERT INTO `media` (`id`, `media_type_id`, `user_id`, `body`, `filename`, `size`, `metadata`, `created_at`, `updated_at`) VALUES ('68', '68', '68', 'Aut vel doloremque sunt consequatur non consequatur voluptas. Omnis ea rem natus tempora odit nihil impedit. Qui sed possimus mollitia nihil animi illum quia tenetur. Voluptatem dolorem ab quia saepe reprehenderit eius.', 'voluptatum', 7, NULL, '2006-10-19 01:04:11', '1986-01-14 04:07:27');
INSERT INTO `media` (`id`, `media_type_id`, `user_id`, `body`, `filename`, `size`, `metadata`, `created_at`, `updated_at`) VALUES ('69', '69', '69', 'Adipisci deleniti ea et perspiciatis tempora. In qui aliquam consequatur nemo debitis doloremque. Animi pariatur saepe nostrum qui et. Porro placeat dolor dolore dolore non enim in.', 'quia', 79892, NULL, '1990-09-27 17:50:41', '1981-03-24 06:20:05');
INSERT INTO `media` (`id`, `media_type_id`, `user_id`, `body`, `filename`, `size`, `metadata`, `created_at`, `updated_at`) VALUES ('70', '70', '70', 'Voluptas at nostrum quis recusandae vero expedita excepturi perferendis. Exercitationem possimus sed aut sunt. Quam autem ducimus similique consequatur consequatur. Unde illum neque eos facere sed quaerat.', 'atque', 15, NULL, '1976-10-23 05:44:42', '1980-06-11 16:32:57');
INSERT INTO `media` (`id`, `media_type_id`, `user_id`, `body`, `filename`, `size`, `metadata`, `created_at`, `updated_at`) VALUES ('71', '71', '71', 'Et in accusantium et odit ut. Quod voluptate consequuntur omnis animi ex dolorem voluptas. Error iure non rerum asperiores ut.', 'repudiandae', 92, NULL, '2018-02-18 13:52:51', '1986-11-06 19:33:47');
INSERT INTO `media` (`id`, `media_type_id`, `user_id`, `body`, `filename`, `size`, `metadata`, `created_at`, `updated_at`) VALUES ('72', '72', '72', 'Et praesentium et nemo dolorem et aliquam. Est voluptatem est ea autem repellendus. Officia ea nam est. Sed voluptas deserunt molestiae aspernatur. Sed quos alias sint expedita libero consequatur.', 'et', 140225, NULL, '1991-01-05 20:10:35', '1978-08-19 07:54:34');
INSERT INTO `media` (`id`, `media_type_id`, `user_id`, `body`, `filename`, `size`, `metadata`, `created_at`, `updated_at`) VALUES ('73', '73', '73', 'Consequuntur reiciendis cum quia delectus ea. Asperiores dolorem et et. Eum esse saepe dolores inventore. Sit asperiores nulla architecto accusamus dolores autem deleniti.', 'repellendus', 76, NULL, '1979-05-17 06:33:16', '2016-04-09 19:48:53');
INSERT INTO `media` (`id`, `media_type_id`, `user_id`, `body`, `filename`, `size`, `metadata`, `created_at`, `updated_at`) VALUES ('74', '74', '74', 'Quam aut eum sint quas in harum. Aut dignissimos non id veniam dignissimos. Eligendi qui similique ut ex tempora ut blanditiis.', 'ea', 2, NULL, '1996-11-27 05:33:07', '1997-05-14 19:30:36');
INSERT INTO `media` (`id`, `media_type_id`, `user_id`, `body`, `filename`, `size`, `metadata`, `created_at`, `updated_at`) VALUES ('75', '75', '75', 'Laudantium nisi natus saepe iure quasi vel consequuntur repellat. Ipsa dolorum temporibus rerum cum quis animi non. Quod eum repellat sit animi velit nobis et.', 'qui', 51, NULL, '1970-05-12 10:21:22', '2019-04-04 21:41:37');
INSERT INTO `media` (`id`, `media_type_id`, `user_id`, `body`, `filename`, `size`, `metadata`, `created_at`, `updated_at`) VALUES ('76', '76', '76', 'Qui nulla et adipisci quod veniam. Consequatur et aut adipisci perspiciatis inventore velit fugit dolore. Necessitatibus et voluptatem qui quis ut enim omnis. Velit dolores in perspiciatis voluptas consequatur pariatur.', 'modi', 911527, NULL, '2017-10-10 16:45:14', '1985-04-15 10:14:28');
INSERT INTO `media` (`id`, `media_type_id`, `user_id`, `body`, `filename`, `size`, `metadata`, `created_at`, `updated_at`) VALUES ('77', '77', '77', 'Totam ut ut harum in animi iusto cupiditate veritatis. Officiis mollitia saepe hic quaerat. Facere magni cum a necessitatibus dolor harum.', 'quia', 4671, NULL, '1974-11-10 22:05:11', '1983-03-16 08:22:01');
INSERT INTO `media` (`id`, `media_type_id`, `user_id`, `body`, `filename`, `size`, `metadata`, `created_at`, `updated_at`) VALUES ('78', '78', '78', 'Officiis odio neque sit exercitationem. Facilis incidunt veniam totam dolor amet at qui. Ea dolor explicabo facere consectetur.', 'et', 2783317, NULL, '2017-01-02 12:08:26', '2007-07-27 07:55:55');
INSERT INTO `media` (`id`, `media_type_id`, `user_id`, `body`, `filename`, `size`, `metadata`, `created_at`, `updated_at`) VALUES ('79', '79', '79', 'Dolorem suscipit id saepe nam modi delectus eaque laboriosam. Sunt aut quasi eius assumenda. Placeat ad ea corrupti hic numquam vitae.', 'odit', 129859730, NULL, '2000-02-01 08:07:07', '2004-03-09 11:17:33');
INSERT INTO `media` (`id`, `media_type_id`, `user_id`, `body`, `filename`, `size`, `metadata`, `created_at`, `updated_at`) VALUES ('80', '80', '80', 'Alias et eum aut saepe quas. Voluptate eos dolores qui vel nihil. Ea numquam quidem qui recusandae consequatur aliquid. Distinctio quo quibusdam sit iusto corporis sapiente voluptatem a.', 'quibusdam', 266, NULL, '2007-04-27 18:17:04', '2000-06-05 13:43:42');
INSERT INTO `media` (`id`, `media_type_id`, `user_id`, `body`, `filename`, `size`, `metadata`, `created_at`, `updated_at`) VALUES ('81', '81', '81', 'Ut nemo aut enim voluptatem nihil. Repellendus sit quis quis ad ullam non ipsa. Adipisci et et nihil doloribus. Perferendis et velit alias optio vitae.', 'et', 41081, NULL, '1977-05-04 13:58:39', '1984-05-26 07:33:03');
INSERT INTO `media` (`id`, `media_type_id`, `user_id`, `body`, `filename`, `size`, `metadata`, `created_at`, `updated_at`) VALUES ('82', '82', '82', 'Quam ad similique et et iusto. Et vel nesciunt error in aut itaque. Voluptatem ut quibusdam omnis. Repellat voluptates voluptatum autem beatae minus aliquid dolor.', 'facere', 2782, NULL, '1975-07-19 04:14:05', '2010-03-14 10:16:54');
INSERT INTO `media` (`id`, `media_type_id`, `user_id`, `body`, `filename`, `size`, `metadata`, `created_at`, `updated_at`) VALUES ('83', '83', '83', 'Porro et dicta sint autem. Suscipit odit vel atque. Officiis aspernatur aspernatur tenetur. Minus est dolores voluptas voluptas officia.', 'consequatur', 214, NULL, '2013-05-30 07:14:23', '2011-06-13 09:48:26');
INSERT INTO `media` (`id`, `media_type_id`, `user_id`, `body`, `filename`, `size`, `metadata`, `created_at`, `updated_at`) VALUES ('84', '84', '84', 'Est dicta sed labore nisi et quaerat nam. Odio ratione eum at omnis dignissimos a quia. Pariatur quas quae non quo neque consectetur est illum. Nihil voluptas molestias earum vel nihil voluptatum. Laudantium sed aperiam optio quod ipsum eos dolore.', 'architecto', 4, NULL, '2012-08-11 14:54:10', '1997-03-12 23:39:47');
INSERT INTO `media` (`id`, `media_type_id`, `user_id`, `body`, `filename`, `size`, `metadata`, `created_at`, `updated_at`) VALUES ('85', '85', '85', 'Commodi dolorum minus similique sunt aut. Iure nisi delectus animi hic nulla. Recusandae fuga fuga accusamus in quo quaerat.', 'cumque', 0, NULL, '1983-04-11 19:54:22', '1981-07-03 00:23:19');
INSERT INTO `media` (`id`, `media_type_id`, `user_id`, `body`, `filename`, `size`, `metadata`, `created_at`, `updated_at`) VALUES ('86', '86', '86', 'Dolore ut placeat doloribus vel sint laborum. Perspiciatis et repellat culpa et accusamus reiciendis. Voluptates ut reiciendis eum voluptatem in libero cumque. Velit nemo nihil ipsam consequatur quibusdam mollitia quia.', 'voluptatibus', 7312, NULL, '1983-05-31 05:39:49', '1996-04-01 18:29:48');
INSERT INTO `media` (`id`, `media_type_id`, `user_id`, `body`, `filename`, `size`, `metadata`, `created_at`, `updated_at`) VALUES ('87', '87', '87', 'Illum atque consequatur laboriosam veniam eum quia molestias amet. Neque est suscipit laudantium ut. Expedita unde animi assumenda sunt quasi. Omnis porro aut neque ipsum aut repudiandae.', 'similique', 60, NULL, '1984-10-12 11:03:27', '2014-01-12 17:42:44');
INSERT INTO `media` (`id`, `media_type_id`, `user_id`, `body`, `filename`, `size`, `metadata`, `created_at`, `updated_at`) VALUES ('88', '88', '88', 'Dolor ipsam dolore enim. Fuga quia voluptas error occaecati molestiae. Modi voluptas tempore et et. Dicta repellendus ut dolore consequatur excepturi eligendi necessitatibus dolor.', 'ipsa', 2618, NULL, '1973-07-30 23:03:24', '2014-01-21 14:10:18');
INSERT INTO `media` (`id`, `media_type_id`, `user_id`, `body`, `filename`, `size`, `metadata`, `created_at`, `updated_at`) VALUES ('89', '89', '89', 'Repellendus nesciunt minima molestiae eos qui harum blanditiis. Voluptas et necessitatibus suscipit alias. Aut ipsum optio et nihil ipsum mollitia.', 'eaque', 4, NULL, '2000-12-18 15:50:00', '2018-01-29 15:18:24');
INSERT INTO `media` (`id`, `media_type_id`, `user_id`, `body`, `filename`, `size`, `metadata`, `created_at`, `updated_at`) VALUES ('90', '90', '90', 'Eligendi ullam nihil et officiis quia enim dolor. Aliquid cumque optio cumque quod. Assumenda eum minus aut dolore et.', 'a', 813044944, NULL, '2014-03-21 14:25:39', '2006-10-06 21:31:20');
INSERT INTO `media` (`id`, `media_type_id`, `user_id`, `body`, `filename`, `size`, `metadata`, `created_at`, `updated_at`) VALUES ('91', '91', '91', 'Odit ratione et deserunt provident minus error. Autem sapiente rerum laudantium quia placeat ut. Voluptatem aut sint eligendi nesciunt itaque iure et quidem.', 'dolor', 43957, NULL, '2013-06-11 13:38:56', '2012-04-15 18:44:41');
INSERT INTO `media` (`id`, `media_type_id`, `user_id`, `body`, `filename`, `size`, `metadata`, `created_at`, `updated_at`) VALUES ('92', '92', '92', 'Dolor aspernatur qui et. Esse maiores quisquam veniam corporis optio officiis. Quo perspiciatis voluptas tempore fugiat architecto quo earum.', 'debitis', 80215293, NULL, '1972-12-23 09:26:15', '2003-08-20 18:46:10');
INSERT INTO `media` (`id`, `media_type_id`, `user_id`, `body`, `filename`, `size`, `metadata`, `created_at`, `updated_at`) VALUES ('93', '93', '93', 'Nesciunt quia aliquam voluptates mollitia. Fuga rem sed corporis beatae expedita cum. Dolor voluptatum placeat culpa ut.', 'dolores', 2135656, NULL, '2007-12-13 20:44:03', '1991-12-14 22:52:44');
INSERT INTO `media` (`id`, `media_type_id`, `user_id`, `body`, `filename`, `size`, `metadata`, `created_at`, `updated_at`) VALUES ('94', '94', '94', 'Eum natus ipsum unde nesciunt enim ipsum. Ut nulla officiis a inventore qui.', 'cupiditate', 60, NULL, '1986-05-05 11:06:26', '1971-09-07 16:37:13');
INSERT INTO `media` (`id`, `media_type_id`, `user_id`, `body`, `filename`, `size`, `metadata`, `created_at`, `updated_at`) VALUES ('95', '95', '95', 'Tempore quod facilis eligendi error. Ipsa possimus explicabo magnam tempora. Minus at nobis nihil autem ipsum est. Qui dolorem quibusdam aliquam et consequuntur nesciunt.', 'aut', 726081, NULL, '1998-09-03 03:44:51', '2015-09-17 03:36:13');
INSERT INTO `media` (`id`, `media_type_id`, `user_id`, `body`, `filename`, `size`, `metadata`, `created_at`, `updated_at`) VALUES ('96', '96', '96', 'Iusto illo illo minus distinctio aspernatur magni. Ullam sit amet ullam. Quisquam aut soluta aut. Et est dolor maiores consequuntur ut dignissimos recusandae.', 'qui', 6200, NULL, '2005-01-13 15:59:34', '1970-09-07 12:27:08');
INSERT INTO `media` (`id`, `media_type_id`, `user_id`, `body`, `filename`, `size`, `metadata`, `created_at`, `updated_at`) VALUES ('97', '97', '97', 'Aut saepe dignissimos doloremque quisquam inventore. Quidem unde quia exercitationem. Aut adipisci hic quidem numquam laudantium. Ipsam qui sed et aut est porro.', 'doloremque', 37, NULL, '1976-01-07 22:54:28', '2014-09-26 13:11:23');
INSERT INTO `media` (`id`, `media_type_id`, `user_id`, `body`, `filename`, `size`, `metadata`, `created_at`, `updated_at`) VALUES ('98', '98', '98', 'Voluptatem animi et non voluptate reiciendis modi eveniet ut. Ut debitis harum qui tenetur. Facilis esse quo voluptatem maxime accusamus cum et.', 'cumque', 6323, NULL, '1983-04-27 01:09:13', '1989-05-27 20:41:38');
INSERT INTO `media` (`id`, `media_type_id`, `user_id`, `body`, `filename`, `size`, `metadata`, `created_at`, `updated_at`) VALUES ('99', '99', '99', 'Ea asperiores voluptatem non nemo et ut voluptas. Odio incidunt voluptatem mollitia vitae nulla aut dolorem. Minima qui vel id impedit illo. Aut et quas totam labore magnam.', 'enim', 1482410, NULL, '1975-04-21 16:56:50', '1978-04-21 04:20:38');
INSERT INTO `media` (`id`, `media_type_id`, `user_id`, `body`, `filename`, `size`, `metadata`, `created_at`, `updated_at`) VALUES ('100', '100', '100', 'Tempora quia beatae ut sed consequatur. Qui doloremque minus nemo quis debitis. Aliquid est id est earum.', 'perspiciatis', 796406, NULL, '2007-10-21 22:19:00', '1986-08-21 10:38:12');


INSERT INTO `photo_albums` (`id`, `name`, `user_id`) VALUES ('1', 'qui', '1');
INSERT INTO `photo_albums` (`id`, `name`, `user_id`) VALUES ('2', 'optio', '2');
INSERT INTO `photo_albums` (`id`, `name`, `user_id`) VALUES ('3', 'et', '3');
INSERT INTO `photo_albums` (`id`, `name`, `user_id`) VALUES ('4', 'possimus', '4');
INSERT INTO `photo_albums` (`id`, `name`, `user_id`) VALUES ('5', 'ducimus', '5');
INSERT INTO `photo_albums` (`id`, `name`, `user_id`) VALUES ('6', 'vel', '6');
INSERT INTO `photo_albums` (`id`, `name`, `user_id`) VALUES ('7', 'officia', '7');
INSERT INTO `photo_albums` (`id`, `name`, `user_id`) VALUES ('8', 'qui', '8');
INSERT INTO `photo_albums` (`id`, `name`, `user_id`) VALUES ('9', 'nemo', '9');
INSERT INTO `photo_albums` (`id`, `name`, `user_id`) VALUES ('10', 'natus', '10');
INSERT INTO `photo_albums` (`id`, `name`, `user_id`) VALUES ('11', 'odit', '11');
INSERT INTO `photo_albums` (`id`, `name`, `user_id`) VALUES ('12', 'eligendi', '12');
INSERT INTO `photo_albums` (`id`, `name`, `user_id`) VALUES ('13', 'et', '13');
INSERT INTO `photo_albums` (`id`, `name`, `user_id`) VALUES ('14', 'veniam', '14');
INSERT INTO `photo_albums` (`id`, `name`, `user_id`) VALUES ('15', 'laborum', '15');
INSERT INTO `photo_albums` (`id`, `name`, `user_id`) VALUES ('16', 'ad', '16');
INSERT INTO `photo_albums` (`id`, `name`, `user_id`) VALUES ('17', 'perferendis', '17');
INSERT INTO `photo_albums` (`id`, `name`, `user_id`) VALUES ('18', 'magnam', '18');
INSERT INTO `photo_albums` (`id`, `name`, `user_id`) VALUES ('19', 'consequatur', '19');
INSERT INTO `photo_albums` (`id`, `name`, `user_id`) VALUES ('20', 'molestiae', '20');
INSERT INTO `photo_albums` (`id`, `name`, `user_id`) VALUES ('21', 'assumenda', '21');
INSERT INTO `photo_albums` (`id`, `name`, `user_id`) VALUES ('22', 'inventore', '22');
INSERT INTO `photo_albums` (`id`, `name`, `user_id`) VALUES ('23', 'ut', '23');
INSERT INTO `photo_albums` (`id`, `name`, `user_id`) VALUES ('24', 'placeat', '24');
INSERT INTO `photo_albums` (`id`, `name`, `user_id`) VALUES ('25', 'quam', '25');
INSERT INTO `photo_albums` (`id`, `name`, `user_id`) VALUES ('26', 'aut', '26');
INSERT INTO `photo_albums` (`id`, `name`, `user_id`) VALUES ('27', 'corporis', '27');
INSERT INTO `photo_albums` (`id`, `name`, `user_id`) VALUES ('28', 'illo', '28');
INSERT INTO `photo_albums` (`id`, `name`, `user_id`) VALUES ('29', 'iste', '29');
INSERT INTO `photo_albums` (`id`, `name`, `user_id`) VALUES ('30', 'aut', '30');
INSERT INTO `photo_albums` (`id`, `name`, `user_id`) VALUES ('31', 'et', '31');
INSERT INTO `photo_albums` (`id`, `name`, `user_id`) VALUES ('32', 'dignissimos', '32');
INSERT INTO `photo_albums` (`id`, `name`, `user_id`) VALUES ('33', 'sequi', '33');
INSERT INTO `photo_albums` (`id`, `name`, `user_id`) VALUES ('34', 'perferendis', '34');
INSERT INTO `photo_albums` (`id`, `name`, `user_id`) VALUES ('35', 'quia', '35');
INSERT INTO `photo_albums` (`id`, `name`, `user_id`) VALUES ('36', 'impedit', '36');
INSERT INTO `photo_albums` (`id`, `name`, `user_id`) VALUES ('37', 'optio', '37');
INSERT INTO `photo_albums` (`id`, `name`, `user_id`) VALUES ('38', 'expedita', '38');
INSERT INTO `photo_albums` (`id`, `name`, `user_id`) VALUES ('39', 'est', '39');
INSERT INTO `photo_albums` (`id`, `name`, `user_id`) VALUES ('40', 'fuga', '40');
INSERT INTO `photo_albums` (`id`, `name`, `user_id`) VALUES ('41', 'soluta', '41');
INSERT INTO `photo_albums` (`id`, `name`, `user_id`) VALUES ('42', 'vero', '42');
INSERT INTO `photo_albums` (`id`, `name`, `user_id`) VALUES ('43', 'nam', '43');
INSERT INTO `photo_albums` (`id`, `name`, `user_id`) VALUES ('44', 'iste', '44');
INSERT INTO `photo_albums` (`id`, `name`, `user_id`) VALUES ('45', 'accusantium', '45');
INSERT INTO `photo_albums` (`id`, `name`, `user_id`) VALUES ('46', 'quis', '46');
INSERT INTO `photo_albums` (`id`, `name`, `user_id`) VALUES ('47', 'et', '47');
INSERT INTO `photo_albums` (`id`, `name`, `user_id`) VALUES ('48', 'officiis', '48');
INSERT INTO `photo_albums` (`id`, `name`, `user_id`) VALUES ('49', 'aut', '49');
INSERT INTO `photo_albums` (`id`, `name`, `user_id`) VALUES ('50', 'quisquam', '50');
INSERT INTO `photo_albums` (`id`, `name`, `user_id`) VALUES ('51', 'ipsum', '51');
INSERT INTO `photo_albums` (`id`, `name`, `user_id`) VALUES ('52', 'commodi', '52');
INSERT INTO `photo_albums` (`id`, `name`, `user_id`) VALUES ('53', 'et', '53');
INSERT INTO `photo_albums` (`id`, `name`, `user_id`) VALUES ('54', 'eaque', '54');
INSERT INTO `photo_albums` (`id`, `name`, `user_id`) VALUES ('55', 'aliquid', '55');
INSERT INTO `photo_albums` (`id`, `name`, `user_id`) VALUES ('56', 'reprehenderit', '56');
INSERT INTO `photo_albums` (`id`, `name`, `user_id`) VALUES ('57', 'eum', '57');
INSERT INTO `photo_albums` (`id`, `name`, `user_id`) VALUES ('58', 'quo', '58');
INSERT INTO `photo_albums` (`id`, `name`, `user_id`) VALUES ('59', 'at', '59');
INSERT INTO `photo_albums` (`id`, `name`, `user_id`) VALUES ('60', 'aliquid', '60');
INSERT INTO `photo_albums` (`id`, `name`, `user_id`) VALUES ('61', 'unde', '61');
INSERT INTO `photo_albums` (`id`, `name`, `user_id`) VALUES ('62', 'molestias', '62');
INSERT INTO `photo_albums` (`id`, `name`, `user_id`) VALUES ('63', 'nisi', '63');
INSERT INTO `photo_albums` (`id`, `name`, `user_id`) VALUES ('64', 'voluptatem', '64');
INSERT INTO `photo_albums` (`id`, `name`, `user_id`) VALUES ('65', 'iure', '65');
INSERT INTO `photo_albums` (`id`, `name`, `user_id`) VALUES ('66', 'qui', '66');
INSERT INTO `photo_albums` (`id`, `name`, `user_id`) VALUES ('67', 'sit', '67');
INSERT INTO `photo_albums` (`id`, `name`, `user_id`) VALUES ('68', 'est', '68');
INSERT INTO `photo_albums` (`id`, `name`, `user_id`) VALUES ('69', 'aut', '69');
INSERT INTO `photo_albums` (`id`, `name`, `user_id`) VALUES ('70', 'at', '70');
INSERT INTO `photo_albums` (`id`, `name`, `user_id`) VALUES ('71', 'neque', '71');
INSERT INTO `photo_albums` (`id`, `name`, `user_id`) VALUES ('72', 'ab', '72');
INSERT INTO `photo_albums` (`id`, `name`, `user_id`) VALUES ('73', 'sunt', '73');
INSERT INTO `photo_albums` (`id`, `name`, `user_id`) VALUES ('74', 'vero', '74');
INSERT INTO `photo_albums` (`id`, `name`, `user_id`) VALUES ('75', 'facere', '75');
INSERT INTO `photo_albums` (`id`, `name`, `user_id`) VALUES ('76', 'et', '76');
INSERT INTO `photo_albums` (`id`, `name`, `user_id`) VALUES ('77', 'maxime', '77');
INSERT INTO `photo_albums` (`id`, `name`, `user_id`) VALUES ('78', 'voluptatem', '78');
INSERT INTO `photo_albums` (`id`, `name`, `user_id`) VALUES ('79', 'explicabo', '79');
INSERT INTO `photo_albums` (`id`, `name`, `user_id`) VALUES ('80', 'sed', '80');
INSERT INTO `photo_albums` (`id`, `name`, `user_id`) VALUES ('81', 'animi', '81');
INSERT INTO `photo_albums` (`id`, `name`, `user_id`) VALUES ('82', 'animi', '82');
INSERT INTO `photo_albums` (`id`, `name`, `user_id`) VALUES ('83', 'consequuntur', '83');
INSERT INTO `photo_albums` (`id`, `name`, `user_id`) VALUES ('84', 'sapiente', '84');
INSERT INTO `photo_albums` (`id`, `name`, `user_id`) VALUES ('85', 'ut', '85');
INSERT INTO `photo_albums` (`id`, `name`, `user_id`) VALUES ('86', 'nihil', '86');
INSERT INTO `photo_albums` (`id`, `name`, `user_id`) VALUES ('87', 'ad', '87');
INSERT INTO `photo_albums` (`id`, `name`, `user_id`) VALUES ('88', 'ea', '88');
INSERT INTO `photo_albums` (`id`, `name`, `user_id`) VALUES ('89', 'unde', '89');
INSERT INTO `photo_albums` (`id`, `name`, `user_id`) VALUES ('90', 'voluptatem', '90');
INSERT INTO `photo_albums` (`id`, `name`, `user_id`) VALUES ('91', 'architecto', '91');
INSERT INTO `photo_albums` (`id`, `name`, `user_id`) VALUES ('92', 'non', '92');
INSERT INTO `photo_albums` (`id`, `name`, `user_id`) VALUES ('93', 'earum', '93');
INSERT INTO `photo_albums` (`id`, `name`, `user_id`) VALUES ('94', 'amet', '94');
INSERT INTO `photo_albums` (`id`, `name`, `user_id`) VALUES ('95', 'error', '95');
INSERT INTO `photo_albums` (`id`, `name`, `user_id`) VALUES ('96', 'ut', '96');
INSERT INTO `photo_albums` (`id`, `name`, `user_id`) VALUES ('97', 'quae', '97');
INSERT INTO `photo_albums` (`id`, `name`, `user_id`) VALUES ('98', 'officia', '98');
INSERT INTO `photo_albums` (`id`, `name`, `user_id`) VALUES ('99', 'temporibus', '99');
INSERT INTO `photo_albums` (`id`, `name`, `user_id`) VALUES ('100', 'molestiae', '100');

INSERT INTO `photos` (`id`, `album_id`, `media_id`) VALUES ('901', '1', '5');
INSERT INTO `photos` (`id`, `album_id`, `media_id`) VALUES ('902', '2', '9');
INSERT INTO `photos` (`id`, `album_id`, `media_id`) VALUES ('905', '5', '3');
INSERT INTO `photos` (`id`, `album_id`, `media_id`) VALUES ('907', '7', '1');
INSERT INTO `photos` (`id`, `album_id`, `media_id`) VALUES ('908', '8', '7');
INSERT INTO `photos` (`id`, `album_id`, `media_id`) VALUES ('909', '9', '8');
INSERT INTO `photos` (`id`, `album_id`, `media_id`) VALUES ('910', '10', '8');
INSERT INTO `photos` (`id`, `album_id`, `media_id`) VALUES ('911', '11', '4');
INSERT INTO `photos` (`id`, `album_id`, `media_id`) VALUES ('912', '12', '2');
INSERT INTO `photos` (`id`, `album_id`, `media_id`) VALUES ('913', '13', '9');
INSERT INTO `photos` (`id`, `album_id`, `media_id`) VALUES ('914', '14', '3');
INSERT INTO `photos` (`id`, `album_id`, `media_id`) VALUES ('915', '15', '4');
INSERT INTO `photos` (`id`, `album_id`, `media_id`) VALUES ('916', '16', '3');
INSERT INTO `photos` (`id`, `album_id`, `media_id`) VALUES ('917', '17', '5');
INSERT INTO `photos` (`id`, `album_id`, `media_id`) VALUES ('918', '18', '8');
INSERT INTO `photos` (`id`, `album_id`, `media_id`) VALUES ('919', '19', '7');
INSERT INTO `photos` (`id`, `album_id`, `media_id`) VALUES ('920', '20', '3');
INSERT INTO `photos` (`id`, `album_id`, `media_id`) VALUES ('921', '21', '6');
INSERT INTO `photos` (`id`, `album_id`, `media_id`) VALUES ('923', '23', '4');
INSERT INTO `photos` (`id`, `album_id`, `media_id`) VALUES ('924', '24', '9');
INSERT INTO `photos` (`id`, `album_id`, `media_id`) VALUES ('925', '25', '9');
INSERT INTO `photos` (`id`, `album_id`, `media_id`) VALUES ('926', '26', '9');
INSERT INTO `photos` (`id`, `album_id`, `media_id`) VALUES ('927', '27', '3');
INSERT INTO `photos` (`id`, `album_id`, `media_id`) VALUES ('928', '28', '7');
INSERT INTO `photos` (`id`, `album_id`, `media_id`) VALUES ('929', '29', '8');
INSERT INTO `photos` (`id`, `album_id`, `media_id`) VALUES ('930', '30', '3');
INSERT INTO `photos` (`id`, `album_id`, `media_id`) VALUES ('931', '31', '4');
INSERT INTO `photos` (`id`, `album_id`, `media_id`) VALUES ('932', '32', '1');
INSERT INTO `photos` (`id`, `album_id`, `media_id`) VALUES ('933', '33', '5');
INSERT INTO `photos` (`id`, `album_id`, `media_id`) VALUES ('934', '34', '2');
INSERT INTO `photos` (`id`, `album_id`, `media_id`) VALUES ('935', '35', '1');
INSERT INTO `photos` (`id`, `album_id`, `media_id`) VALUES ('936', '36', '8');
INSERT INTO `photos` (`id`, `album_id`, `media_id`) VALUES ('937', '37', '4');
INSERT INTO `photos` (`id`, `album_id`, `media_id`) VALUES ('938', '38', '1');
INSERT INTO `photos` (`id`, `album_id`, `media_id`) VALUES ('941', '41', '5');
INSERT INTO `photos` (`id`, `album_id`, `media_id`) VALUES ('943', '43', '4');
INSERT INTO `photos` (`id`, `album_id`, `media_id`) VALUES ('944', '44', '7');
INSERT INTO `photos` (`id`, `album_id`, `media_id`) VALUES ('945', '45', '9');
INSERT INTO `photos` (`id`, `album_id`, `media_id`) VALUES ('946', '46', '6');
INSERT INTO `photos` (`id`, `album_id`, `media_id`) VALUES ('948', '48', '6');
INSERT INTO `photos` (`id`, `album_id`, `media_id`) VALUES ('949', '49', '4');
INSERT INTO `photos` (`id`, `album_id`, `media_id`) VALUES ('950', '50', '4');
INSERT INTO `photos` (`id`, `album_id`, `media_id`) VALUES ('951', '51', '1');
INSERT INTO `photos` (`id`, `album_id`, `media_id`) VALUES ('952', '52', '4');
INSERT INTO `photos` (`id`, `album_id`, `media_id`) VALUES ('953', '53', '5');
INSERT INTO `photos` (`id`, `album_id`, `media_id`) VALUES ('954', '54', '8');
INSERT INTO `photos` (`id`, `album_id`, `media_id`) VALUES ('955', '55', '7');
INSERT INTO `photos` (`id`, `album_id`, `media_id`) VALUES ('956', '56', '2');
INSERT INTO `photos` (`id`, `album_id`, `media_id`) VALUES ('957', '57', '6');
INSERT INTO `photos` (`id`, `album_id`, `media_id`) VALUES ('959', '59', '4');
INSERT INTO `photos` (`id`, `album_id`, `media_id`) VALUES ('960', '60', '4');
INSERT INTO `photos` (`id`, `album_id`, `media_id`) VALUES ('961', '61', '4');
INSERT INTO `photos` (`id`, `album_id`, `media_id`) VALUES ('962', '62', '4');
INSERT INTO `photos` (`id`, `album_id`, `media_id`) VALUES ('963', '63', '3');
INSERT INTO `photos` (`id`, `album_id`, `media_id`) VALUES ('964', '64', '7');
INSERT INTO `photos` (`id`, `album_id`, `media_id`) VALUES ('965', '65', '5');
INSERT INTO `photos` (`id`, `album_id`, `media_id`) VALUES ('966', '66', '8');
INSERT INTO `photos` (`id`, `album_id`, `media_id`) VALUES ('967', '67', '4');
INSERT INTO `photos` (`id`, `album_id`, `media_id`) VALUES ('969', '69', '6');
INSERT INTO `photos` (`id`, `album_id`, `media_id`) VALUES ('970', '70', '9');
INSERT INTO `photos` (`id`, `album_id`, `media_id`) VALUES ('971', '71', '2');
INSERT INTO `photos` (`id`, `album_id`, `media_id`) VALUES ('972', '72', '1');
INSERT INTO `photos` (`id`, `album_id`, `media_id`) VALUES ('973', '73', '6');
INSERT INTO `photos` (`id`, `album_id`, `media_id`) VALUES ('974', '74', '6');
INSERT INTO `photos` (`id`, `album_id`, `media_id`) VALUES ('975', '75', '9');
INSERT INTO `photos` (`id`, `album_id`, `media_id`) VALUES ('976', '76', '4');
INSERT INTO `photos` (`id`, `album_id`, `media_id`) VALUES ('978', '78', '4');
INSERT INTO `photos` (`id`, `album_id`, `media_id`) VALUES ('979', '79', '8');
INSERT INTO `photos` (`id`, `album_id`, `media_id`) VALUES ('980', '80', '2');
INSERT INTO `photos` (`id`, `album_id`, `media_id`) VALUES ('981', '81', '4');
INSERT INTO `photos` (`id`, `album_id`, `media_id`) VALUES ('982', '82', '5');
INSERT INTO `photos` (`id`, `album_id`, `media_id`) VALUES ('984', '84', '9');
INSERT INTO `photos` (`id`, `album_id`, `media_id`) VALUES ('985', '85', '4');
INSERT INTO `photos` (`id`, `album_id`, `media_id`) VALUES ('986', '86', '8');
INSERT INTO `photos` (`id`, `album_id`, `media_id`) VALUES ('987', '87', '1');
INSERT INTO `photos` (`id`, `album_id`, `media_id`) VALUES ('988', '88', '2');
INSERT INTO `photos` (`id`, `album_id`, `media_id`) VALUES ('989', '89', '4');
INSERT INTO `photos` (`id`, `album_id`, `media_id`) VALUES ('992', '92', '3');
INSERT INTO `photos` (`id`, `album_id`, `media_id`) VALUES ('993', '93', '4');
INSERT INTO `photos` (`id`, `album_id`, `media_id`) VALUES ('994', '94', '2');
INSERT INTO `photos` (`id`, `album_id`, `media_id`) VALUES ('995', '95', '3');
INSERT INTO `photos` (`id`, `album_id`, `media_id`) VALUES ('996', '96', '5');
INSERT INTO `photos` (`id`, `album_id`, `media_id`) VALUES ('997', '97', '2');
INSERT INTO `photos` (`id`, `album_id`, `media_id`) VALUES ('998', '98', '3');
INSERT INTO `photos` (`id`, `album_id`, `media_id`) VALUES ('999', '99', '9');
INSERT INTO `photos` (`id`, `album_id`, `media_id`) VALUES ('1000', '100', '6');

INSERT INTO `profiles` (`user_id`, `gender`, `birthday`, `photo_id`, `hometown`, `created_at`) VALUES ('1', 'a', '1977-08-11', '901', 'Port Alaina', '2010-12-03 19:00:16');
INSERT INTO `profiles` (`user_id`, `gender`, `birthday`, `photo_id`, `hometown`, `created_at`) VALUES ('2', 'a', '2005-10-16', '902', 'East Wilhelmineville', '1998-01-28 12:26:48');
INSERT INTO `profiles` (`user_id`, `gender`, `birthday`, `photo_id`, `hometown`, `created_at`) VALUES ('3', 'a', '2010-01-26', '905', 'North Jacintostad', '2016-06-12 01:36:23');
INSERT INTO `profiles` (`user_id`, `gender`, `birthday`, `photo_id`, `hometown`, `created_at`) VALUES ('4', 'f', '2017-07-20', '907', 'North Dayana', '2014-02-23 22:55:18');
INSERT INTO `profiles` (`user_id`, `gender`, `birthday`, `photo_id`, `hometown`, `created_at`) VALUES ('5', 'f', '2001-06-14', '908', 'North Cordeliaview', '2012-10-10 09:22:42');
INSERT INTO `profiles` (`user_id`, `gender`, `birthday`, `photo_id`, `hometown`, `created_at`) VALUES ('6', 'f', '2015-02-04', '909', 'New Gavinborough', '1986-09-16 09:42:50');
INSERT INTO `profiles` (`user_id`, `gender`, `birthday`, `photo_id`, `hometown`, `created_at`) VALUES ('7', 'f', '2013-05-21', '910', 'Lavonburgh', '2000-01-12 08:17:12');
INSERT INTO `profiles` (`user_id`, `gender`, `birthday`, `photo_id`, `hometown`, `created_at`) VALUES ('8', 'a', '1972-11-24', '911', 'Kihnmouth', '2005-07-20 18:13:18');
INSERT INTO `profiles` (`user_id`, `gender`, `birthday`, `photo_id`, `hometown`, `created_at`) VALUES ('9', 'f', '2008-10-04', '912', 'South Brandynburgh', '1976-12-28 03:09:18');
INSERT INTO `profiles` (`user_id`, `gender`, `birthday`, `photo_id`, `hometown`, `created_at`) VALUES ('10', 'f', '2012-08-23', '913', 'Port Henriton', '2018-12-23 10:27:53');
INSERT INTO `profiles` (`user_id`, `gender`, `birthday`, `photo_id`, `hometown`, `created_at`) VALUES ('11', 'a', '1972-07-26', '914', 'South Lucasstad', '2009-06-25 00:17:38');
INSERT INTO `profiles` (`user_id`, `gender`, `birthday`, `photo_id`, `hometown`, `created_at`) VALUES ('12', 'f', '2004-04-08', '915', 'East Cassidytown', '2007-07-13 23:58:07');
INSERT INTO `profiles` (`user_id`, `gender`, `birthday`, `photo_id`, `hometown`, `created_at`) VALUES ('13', 'f', '1997-11-15', '916', 'New Alessandroshire', '1977-02-27 14:42:01');
INSERT INTO `profiles` (`user_id`, `gender`, `birthday`, `photo_id`, `hometown`, `created_at`) VALUES ('14', 'a', '1999-07-23', '917', 'Lake Braxton', '2003-10-14 02:10:09');
INSERT INTO `profiles` (`user_id`, `gender`, `birthday`, `photo_id`, `hometown`, `created_at`) VALUES ('15', 'f', '1981-07-25', '918', 'East Leanne', '1986-09-11 04:55:59');
INSERT INTO `profiles` (`user_id`, `gender`, `birthday`, `photo_id`, `hometown`, `created_at`) VALUES ('16', 'a', '1976-02-02', '919', 'Crystalmouth', '1987-09-30 21:48:03');
INSERT INTO `profiles` (`user_id`, `gender`, `birthday`, `photo_id`, `hometown`, `created_at`) VALUES ('17', 'f', '1995-12-14', '920', 'New Bretfurt', '2019-10-06 14:08:45');
INSERT INTO `profiles` (`user_id`, `gender`, `birthday`, `photo_id`, `hometown`, `created_at`) VALUES ('18', 'a', '1984-10-09', '921', 'Sipeshaven', '2017-02-19 05:09:48');
INSERT INTO `profiles` (`user_id`, `gender`, `birthday`, `photo_id`, `hometown`, `created_at`) VALUES ('19', 'a', '2006-02-03', '923', 'East Marcel', '2017-05-20 16:03:21');
INSERT INTO `profiles` (`user_id`, `gender`, `birthday`, `photo_id`, `hometown`, `created_at`) VALUES ('20', 'f', '1998-01-12', '924', 'Littelshire', '1994-04-26 07:20:23');
INSERT INTO `profiles` (`user_id`, `gender`, `birthday`, `photo_id`, `hometown`, `created_at`) VALUES ('21', 'a', '1984-05-22', '925', 'Allanborough', '1991-02-23 05:59:21');
INSERT INTO `profiles` (`user_id`, `gender`, `birthday`, `photo_id`, `hometown`, `created_at`) VALUES ('22', 'f', '1993-09-22', '926', 'East Shirley', '2005-09-06 13:49:56');
INSERT INTO `profiles` (`user_id`, `gender`, `birthday`, `photo_id`, `hometown`, `created_at`) VALUES ('23', 'f', '2018-04-29', '927', 'North Sabrinabury', '1993-04-20 02:40:28');
INSERT INTO `profiles` (`user_id`, `gender`, `birthday`, `photo_id`, `hometown`, `created_at`) VALUES ('24', 'a', '2008-01-31', '928', 'Lake Burnice', '1979-06-17 23:34:52');
INSERT INTO `profiles` (`user_id`, `gender`, `birthday`, `photo_id`, `hometown`, `created_at`) VALUES ('25', 'a', '1988-12-13', '929', 'Lake Tania', '1972-08-01 11:34:08');
INSERT INTO `profiles` (`user_id`, `gender`, `birthday`, `photo_id`, `hometown`, `created_at`) VALUES ('26', 'f', '1982-12-27', '930', 'West Arlenestad', '1975-12-21 01:53:08');
INSERT INTO `profiles` (`user_id`, `gender`, `birthday`, `photo_id`, `hometown`, `created_at`) VALUES ('27', 'f', '1986-04-04', '931', 'Lake Micheletown', '2014-03-27 16:56:54');
INSERT INTO `profiles` (`user_id`, `gender`, `birthday`, `photo_id`, `hometown`, `created_at`) VALUES ('28', 'a', '1974-05-06', '932', 'Durganburgh', '1999-09-09 22:43:03');
INSERT INTO `profiles` (`user_id`, `gender`, `birthday`, `photo_id`, `hometown`, `created_at`) VALUES ('29', 'a', '1988-12-11', '933', 'North Serena', '2003-12-22 15:38:05');
INSERT INTO `profiles` (`user_id`, `gender`, `birthday`, `photo_id`, `hometown`, `created_at`) VALUES ('30', 'f', '1996-08-21', '934', 'Salliestad', '1991-05-03 15:00:00');
INSERT INTO `profiles` (`user_id`, `gender`, `birthday`, `photo_id`, `hometown`, `created_at`) VALUES ('31', 'a', '2011-08-18', '935', 'Angusside', '2007-01-14 09:00:49');
INSERT INTO `profiles` (`user_id`, `gender`, `birthday`, `photo_id`, `hometown`, `created_at`) VALUES ('32', 'a', '2012-04-01', '936', 'Lynchport', '1977-04-19 05:47:48');
INSERT INTO `profiles` (`user_id`, `gender`, `birthday`, `photo_id`, `hometown`, `created_at`) VALUES ('33', 'f', '1974-01-16', '937', 'South Alden', '2004-06-07 01:57:47');
INSERT INTO `profiles` (`user_id`, `gender`, `birthday`, `photo_id`, `hometown`, `created_at`) VALUES ('34', 'f', '1998-01-14', '938', 'Konopelskihaven', '2016-01-29 06:57:33');
INSERT INTO `profiles` (`user_id`, `gender`, `birthday`, `photo_id`, `hometown`, `created_at`) VALUES ('35', 'f', '1981-10-24', '941', 'East Marianeburgh', '1982-09-15 23:34:38');
INSERT INTO `profiles` (`user_id`, `gender`, `birthday`, `photo_id`, `hometown`, `created_at`) VALUES ('36', 'f', '2018-06-14', '943', 'New Johnsonborough', '2003-10-30 21:08:41');
INSERT INTO `profiles` (`user_id`, `gender`, `birthday`, `photo_id`, `hometown`, `created_at`) VALUES ('37', 'f', '1990-01-16', '944', 'Port Liafort', '1997-03-16 13:59:17');
INSERT INTO `profiles` (`user_id`, `gender`, `birthday`, `photo_id`, `hometown`, `created_at`) VALUES ('38', 'a', '1992-10-29', '945', 'Georgettestad', '2002-08-21 08:56:03');
INSERT INTO `profiles` (`user_id`, `gender`, `birthday`, `photo_id`, `hometown`, `created_at`) VALUES ('39', 'f', '2003-03-05', '946', 'Lake Diego', '2003-01-05 07:55:41');
INSERT INTO `profiles` (`user_id`, `gender`, `birthday`, `photo_id`, `hometown`, `created_at`) VALUES ('40', 'a', '2001-08-24', '948', 'Legrosshire', '2014-04-14 18:59:31');
INSERT INTO `profiles` (`user_id`, `gender`, `birthday`, `photo_id`, `hometown`, `created_at`) VALUES ('41', 'f', '1981-08-01', '949', 'New Rebekamouth', '2008-02-08 21:39:15');
INSERT INTO `profiles` (`user_id`, `gender`, `birthday`, `photo_id`, `hometown`, `created_at`) VALUES ('42', 'a', '1972-01-30', '950', 'Kosstown', '1975-11-25 02:18:33');
INSERT INTO `profiles` (`user_id`, `gender`, `birthday`, `photo_id`, `hometown`, `created_at`) VALUES ('43', 'a', '1985-04-27', '951', 'East Craig', '1984-03-24 23:45:53');
INSERT INTO `profiles` (`user_id`, `gender`, `birthday`, `photo_id`, `hometown`, `created_at`) VALUES ('44', 'f', '1992-06-01', '952', 'Lubowitzfort', '1982-09-07 23:54:49');
INSERT INTO `profiles` (`user_id`, `gender`, `birthday`, `photo_id`, `hometown`, `created_at`) VALUES ('45', 'f', '1977-04-26', '953', 'New Maybelle', '2012-08-12 18:53:57');
INSERT INTO `profiles` (`user_id`, `gender`, `birthday`, `photo_id`, `hometown`, `created_at`) VALUES ('46', 'f', '1997-05-05', '954', 'New Marianaland', '1984-05-28 03:00:29');
INSERT INTO `profiles` (`user_id`, `gender`, `birthday`, `photo_id`, `hometown`, `created_at`) VALUES ('47', 'f', '1975-06-05', '955', 'South Lesleymouth', '1983-02-05 00:27:20');
INSERT INTO `profiles` (`user_id`, `gender`, `birthday`, `photo_id`, `hometown`, `created_at`) VALUES ('48', 'a', '2012-07-13', '956', 'South Gregg', '2002-05-28 10:48:23');
INSERT INTO `profiles` (`user_id`, `gender`, `birthday`, `photo_id`, `hometown`, `created_at`) VALUES ('49', 'a', '1989-01-25', '957', 'Port Davion', '1998-10-07 18:02:42');
INSERT INTO `profiles` (`user_id`, `gender`, `birthday`, `photo_id`, `hometown`, `created_at`) VALUES ('50', 'f', '2002-12-28', '959', 'Madalinestad', '2007-08-07 19:33:25');
INSERT INTO `profiles` (`user_id`, `gender`, `birthday`, `photo_id`, `hometown`, `created_at`) VALUES ('51', 'a', '1978-11-09', '960', 'Leonelbury', '2001-10-08 00:58:25');
INSERT INTO `profiles` (`user_id`, `gender`, `birthday`, `photo_id`, `hometown`, `created_at`) VALUES ('52', 'a', '2014-07-01', '961', 'East Ross', '2004-07-16 18:45:29');
INSERT INTO `profiles` (`user_id`, `gender`, `birthday`, `photo_id`, `hometown`, `created_at`) VALUES ('53', 'a', '1978-07-21', '962', 'Danteshire', '2004-05-18 11:05:35');
INSERT INTO `profiles` (`user_id`, `gender`, `birthday`, `photo_id`, `hometown`, `created_at`) VALUES ('54', 'a', '1993-04-04', '963', 'Yundtbury', '1986-10-14 15:45:35');
INSERT INTO `profiles` (`user_id`, `gender`, `birthday`, `photo_id`, `hometown`, `created_at`) VALUES ('55', 'f', '2015-10-17', '964', 'Rathland', '2005-07-08 21:35:48');
INSERT INTO `profiles` (`user_id`, `gender`, `birthday`, `photo_id`, `hometown`, `created_at`) VALUES ('56', 'f', '1981-04-19', '965', 'East Tanner', '1996-08-08 04:50:27');
INSERT INTO `profiles` (`user_id`, `gender`, `birthday`, `photo_id`, `hometown`, `created_at`) VALUES ('57', 'a', '2008-04-25', '966', 'South Eileentown', '2003-04-24 08:35:35');
INSERT INTO `profiles` (`user_id`, `gender`, `birthday`, `photo_id`, `hometown`, `created_at`) VALUES ('58', 'f', '2009-02-28', '967', 'Mauriciofurt', '1990-05-22 12:44:46');
INSERT INTO `profiles` (`user_id`, `gender`, `birthday`, `photo_id`, `hometown`, `created_at`) VALUES ('59', 'a', '2016-05-17', '969', 'New Agustinaberg', '2017-12-12 22:18:34');
INSERT INTO `profiles` (`user_id`, `gender`, `birthday`, `photo_id`, `hometown`, `created_at`) VALUES ('60', 'f', '1981-03-05', '970', 'Port Kellenville', '1973-10-10 21:39:38');
INSERT INTO `profiles` (`user_id`, `gender`, `birthday`, `photo_id`, `hometown`, `created_at`) VALUES ('61', 'a', '2001-08-13', '971', 'South Flavie', '2002-03-14 12:58:57');
INSERT INTO `profiles` (`user_id`, `gender`, `birthday`, `photo_id`, `hometown`, `created_at`) VALUES ('62', 'f', '1997-11-02', '972', 'West Gladyce', '1977-07-22 15:31:44');
INSERT INTO `profiles` (`user_id`, `gender`, `birthday`, `photo_id`, `hometown`, `created_at`) VALUES ('63', 'a', '1972-12-31', '973', 'North Juanita', '1973-08-08 03:30:44');
INSERT INTO `profiles` (`user_id`, `gender`, `birthday`, `photo_id`, `hometown`, `created_at`) VALUES ('64', 'f', '1972-05-09', '974', 'Ondrickafurt', '2007-05-15 17:50:32');
INSERT INTO `profiles` (`user_id`, `gender`, `birthday`, `photo_id`, `hometown`, `created_at`) VALUES ('65', 'f', '1973-05-22', '975', 'Caratown', '1979-11-29 05:17:15');
INSERT INTO `profiles` (`user_id`, `gender`, `birthday`, `photo_id`, `hometown`, `created_at`) VALUES ('66', 'a', '1994-07-02', '976', 'New Wilhelminehaven', '1975-12-21 21:08:51');
INSERT INTO `profiles` (`user_id`, `gender`, `birthday`, `photo_id`, `hometown`, `created_at`) VALUES ('67', 'f', '1984-08-28', '978', 'Heidenreichport', '2009-12-28 07:46:23');
INSERT INTO `profiles` (`user_id`, `gender`, `birthday`, `photo_id`, `hometown`, `created_at`) VALUES ('68', 'a', '2015-04-25', '979', 'Port Glenna', '1989-05-20 18:21:48');
INSERT INTO `profiles` (`user_id`, `gender`, `birthday`, `photo_id`, `hometown`, `created_at`) VALUES ('69', 'f', '2015-02-16', '980', 'Lake Jayda', '2005-01-15 10:29:21');
INSERT INTO `profiles` (`user_id`, `gender`, `birthday`, `photo_id`, `hometown`, `created_at`) VALUES ('70', 'a', '2003-01-22', '981', 'Talonmouth', '1991-06-15 12:12:55');
INSERT INTO `profiles` (`user_id`, `gender`, `birthday`, `photo_id`, `hometown`, `created_at`) VALUES ('71', 'f', '1977-11-05', '982', 'Port Holdenbury', '2011-05-30 01:11:05');
INSERT INTO `profiles` (`user_id`, `gender`, `birthday`, `photo_id`, `hometown`, `created_at`) VALUES ('72', 'a', '2018-10-02', '984', 'Gusikowskiview', '2010-11-21 06:26:10');
INSERT INTO `profiles` (`user_id`, `gender`, `birthday`, `photo_id`, `hometown`, `created_at`) VALUES ('73', 'f', '1997-01-04', '985', 'Wuckertton', '1986-07-30 22:28:11');
INSERT INTO `profiles` (`user_id`, `gender`, `birthday`, `photo_id`, `hometown`, `created_at`) VALUES ('74', 'f', '1999-09-12', '986', 'Quentinfort', '1994-03-07 23:25:54');
INSERT INTO `profiles` (`user_id`, `gender`, `birthday`, `photo_id`, `hometown`, `created_at`) VALUES ('75', 'f', '1977-11-05', '987', 'West Adityatown', '1972-01-31 22:43:16');
INSERT INTO `profiles` (`user_id`, `gender`, `birthday`, `photo_id`, `hometown`, `created_at`) VALUES ('76', 'f', '1974-08-31', '988', 'Eddburgh', '1996-09-11 07:24:11');
INSERT INTO `profiles` (`user_id`, `gender`, `birthday`, `photo_id`, `hometown`, `created_at`) VALUES ('77', 'a', '1988-10-21', '989', 'Wileyport', '1983-02-10 13:58:56');
INSERT INTO `profiles` (`user_id`, `gender`, `birthday`, `photo_id`, `hometown`, `created_at`) VALUES ('78', 'f', '2016-04-05', '992', 'Chaddborough', '1996-03-05 14:33:58');
INSERT INTO `profiles` (`user_id`, `gender`, `birthday`, `photo_id`, `hometown`, `created_at`) VALUES ('79', 'a', '1987-07-21', '993', 'Rempelland', '1979-11-03 14:31:43');
INSERT INTO `profiles` (`user_id`, `gender`, `birthday`, `photo_id`, `hometown`, `created_at`) VALUES ('80', 'a', '2014-03-28', '994', 'Mosemouth', '1996-08-22 01:55:15');
INSERT INTO `profiles` (`user_id`, `gender`, `birthday`, `photo_id`, `hometown`, `created_at`) VALUES ('81', 'a', '2012-12-16', '995', 'West Kayliville', '2012-01-19 08:10:45');
INSERT INTO `profiles` (`user_id`, `gender`, `birthday`, `photo_id`, `hometown`, `created_at`) VALUES ('82', 'a', '1981-12-08', '996', 'West Ramona', '2002-06-11 08:08:51');
INSERT INTO `profiles` (`user_id`, `gender`, `birthday`, `photo_id`, `hometown`, `created_at`) VALUES ('83', 'a', '1972-12-07', '997', 'East Avisport', '2006-12-25 16:44:09');
INSERT INTO `profiles` (`user_id`, `gender`, `birthday`, `photo_id`, `hometown`, `created_at`) VALUES ('84', 'f', '2014-02-24', '998', 'North Wernerside', '2001-04-13 15:04:05');
INSERT INTO `profiles` (`user_id`, `gender`, `birthday`, `photo_id`, `hometown`, `created_at`) VALUES ('85', 'a', '1984-11-22', '999', 'Kathryneview', '1970-05-09 16:46:19');
INSERT INTO `profiles` (`user_id`, `gender`, `birthday`, `photo_id`, `hometown`, `created_at`) VALUES ('86', 'a', '1999-08-18', '1000', 'Weissnatburgh', '2006-03-03 04:24:36');
INSERT INTO `profiles` (`user_id`, `gender`, `birthday`, `photo_id`, `hometown`, `created_at`) VALUES ('87', 'a', '2012-08-27', '901', 'Gregoriahaven', '1989-01-09 12:27:06');
INSERT INTO `profiles` (`user_id`, `gender`, `birthday`, `photo_id`, `hometown`, `created_at`) VALUES ('88', 'a', '1973-08-07', '902', 'Mayaton', '1990-12-21 06:11:06');
INSERT INTO `profiles` (`user_id`, `gender`, `birthday`, `photo_id`, `hometown`, `created_at`) VALUES ('89', 'f', '2018-02-08', '905', 'Lake Olinchester', '2014-04-12 01:38:02');
INSERT INTO `profiles` (`user_id`, `gender`, `birthday`, `photo_id`, `hometown`, `created_at`) VALUES ('90', 'a', '1973-01-02', '907', 'South Domingoborough', '2015-06-12 07:28:24');
INSERT INTO `profiles` (`user_id`, `gender`, `birthday`, `photo_id`, `hometown`, `created_at`) VALUES ('91', 'a', '2008-02-18', '908', 'East Breana', '1984-12-13 11:57:11');
INSERT INTO `profiles` (`user_id`, `gender`, `birthday`, `photo_id`, `hometown`, `created_at`) VALUES ('92', 'f', '1973-05-08', '909', 'Lake Aubrey', '1985-05-08 14:50:24');
INSERT INTO `profiles` (`user_id`, `gender`, `birthday`, `photo_id`, `hometown`, `created_at`) VALUES ('93', 'f', '2016-11-12', '910', 'East Corrineborough', '1990-07-06 15:56:26');
INSERT INTO `profiles` (`user_id`, `gender`, `birthday`, `photo_id`, `hometown`, `created_at`) VALUES ('94', 'f', '2005-11-08', '911', 'West Brycen', '1976-01-18 20:59:37');
INSERT INTO `profiles` (`user_id`, `gender`, `birthday`, `photo_id`, `hometown`, `created_at`) VALUES ('95', 'a', '1992-08-15', '912', 'North Llewellynmouth', '2011-03-25 13:04:18');
INSERT INTO `profiles` (`user_id`, `gender`, `birthday`, `photo_id`, `hometown`, `created_at`) VALUES ('96', 'f', '1979-02-05', '913', 'North Heavenbury', '2007-05-05 00:03:56');
INSERT INTO `profiles` (`user_id`, `gender`, `birthday`, `photo_id`, `hometown`, `created_at`) VALUES ('97', 'f', '1995-06-17', '914', 'Runteside', '1988-02-02 00:10:48');
INSERT INTO `profiles` (`user_id`, `gender`, `birthday`, `photo_id`, `hometown`, `created_at`) VALUES ('98', 'a', '1988-07-16', '915', 'Lucindaview', '1971-10-21 11:42:38');
INSERT INTO `profiles` (`user_id`, `gender`, `birthday`, `photo_id`, `hometown`, `created_at`) VALUES ('99', 'a', '2000-01-24', '916', 'North Arianeton', '1996-07-07 06:58:29');
INSERT INTO `profiles` (`user_id`, `gender`, `birthday`, `photo_id`, `hometown`, `created_at`) VALUES ('100', 'f', '2002-04-07', '917', 'Davonhaven', '1980-08-11 12:09:33');


INSERT INTO `users_communities` (`user_id`, `community_id`) VALUES ('1', '1');
INSERT INTO `users_communities` (`user_id`, `community_id`) VALUES ('2', '2');
INSERT INTO `users_communities` (`user_id`, `community_id`) VALUES ('3', '3');
INSERT INTO `users_communities` (`user_id`, `community_id`) VALUES ('4', '4');
INSERT INTO `users_communities` (`user_id`, `community_id`) VALUES ('5', '5');
INSERT INTO `users_communities` (`user_id`, `community_id`) VALUES ('6', '6');
INSERT INTO `users_communities` (`user_id`, `community_id`) VALUES ('7', '7');
INSERT INTO `users_communities` (`user_id`, `community_id`) VALUES ('8', '8');
INSERT INTO `users_communities` (`user_id`, `community_id`) VALUES ('9', '9');
INSERT INTO `users_communities` (`user_id`, `community_id`) VALUES ('10', '10');
INSERT INTO `users_communities` (`user_id`, `community_id`) VALUES ('11', '11');
INSERT INTO `users_communities` (`user_id`, `community_id`) VALUES ('12', '12');
INSERT INTO `users_communities` (`user_id`, `community_id`) VALUES ('13', '13');
INSERT INTO `users_communities` (`user_id`, `community_id`) VALUES ('14', '14');
INSERT INTO `users_communities` (`user_id`, `community_id`) VALUES ('15', '15');
INSERT INTO `users_communities` (`user_id`, `community_id`) VALUES ('16', '16');
INSERT INTO `users_communities` (`user_id`, `community_id`) VALUES ('17', '17');
INSERT INTO `users_communities` (`user_id`, `community_id`) VALUES ('18', '18');
INSERT INTO `users_communities` (`user_id`, `community_id`) VALUES ('19', '19');
INSERT INTO `users_communities` (`user_id`, `community_id`) VALUES ('20', '20');
INSERT INTO `users_communities` (`user_id`, `community_id`) VALUES ('21', '21');
INSERT INTO `users_communities` (`user_id`, `community_id`) VALUES ('22', '22');
INSERT INTO `users_communities` (`user_id`, `community_id`) VALUES ('23', '23');
INSERT INTO `users_communities` (`user_id`, `community_id`) VALUES ('24', '24');
INSERT INTO `users_communities` (`user_id`, `community_id`) VALUES ('25', '25');
INSERT INTO `users_communities` (`user_id`, `community_id`) VALUES ('26', '26');
INSERT INTO `users_communities` (`user_id`, `community_id`) VALUES ('27', '27');
INSERT INTO `users_communities` (`user_id`, `community_id`) VALUES ('28', '28');
INSERT INTO `users_communities` (`user_id`, `community_id`) VALUES ('29', '29');
INSERT INTO `users_communities` (`user_id`, `community_id`) VALUES ('30', '30');
INSERT INTO `users_communities` (`user_id`, `community_id`) VALUES ('31', '31');
INSERT INTO `users_communities` (`user_id`, `community_id`) VALUES ('32', '32');
INSERT INTO `users_communities` (`user_id`, `community_id`) VALUES ('33', '33');
INSERT INTO `users_communities` (`user_id`, `community_id`) VALUES ('34', '34');
INSERT INTO `users_communities` (`user_id`, `community_id`) VALUES ('35', '35');
INSERT INTO `users_communities` (`user_id`, `community_id`) VALUES ('36', '36');
INSERT INTO `users_communities` (`user_id`, `community_id`) VALUES ('37', '37');
INSERT INTO `users_communities` (`user_id`, `community_id`) VALUES ('38', '38');
INSERT INTO `users_communities` (`user_id`, `community_id`) VALUES ('39', '39');
INSERT INTO `users_communities` (`user_id`, `community_id`) VALUES ('40', '40');
INSERT INTO `users_communities` (`user_id`, `community_id`) VALUES ('41', '41');
INSERT INTO `users_communities` (`user_id`, `community_id`) VALUES ('42', '42');
INSERT INTO `users_communities` (`user_id`, `community_id`) VALUES ('43', '43');
INSERT INTO `users_communities` (`user_id`, `community_id`) VALUES ('44', '44');
INSERT INTO `users_communities` (`user_id`, `community_id`) VALUES ('45', '45');
INSERT INTO `users_communities` (`user_id`, `community_id`) VALUES ('46', '46');
INSERT INTO `users_communities` (`user_id`, `community_id`) VALUES ('47', '47');
INSERT INTO `users_communities` (`user_id`, `community_id`) VALUES ('48', '48');
INSERT INTO `users_communities` (`user_id`, `community_id`) VALUES ('49', '49');
INSERT INTO `users_communities` (`user_id`, `community_id`) VALUES ('50', '50');
INSERT INTO `users_communities` (`user_id`, `community_id`) VALUES ('51', '51');
INSERT INTO `users_communities` (`user_id`, `community_id`) VALUES ('52', '52');
INSERT INTO `users_communities` (`user_id`, `community_id`) VALUES ('53', '53');
INSERT INTO `users_communities` (`user_id`, `community_id`) VALUES ('54', '54');
INSERT INTO `users_communities` (`user_id`, `community_id`) VALUES ('55', '55');
INSERT INTO `users_communities` (`user_id`, `community_id`) VALUES ('56', '56');
INSERT INTO `users_communities` (`user_id`, `community_id`) VALUES ('57', '57');
INSERT INTO `users_communities` (`user_id`, `community_id`) VALUES ('58', '58');
INSERT INTO `users_communities` (`user_id`, `community_id`) VALUES ('59', '59');
INSERT INTO `users_communities` (`user_id`, `community_id`) VALUES ('60', '60');
INSERT INTO `users_communities` (`user_id`, `community_id`) VALUES ('61', '61');
INSERT INTO `users_communities` (`user_id`, `community_id`) VALUES ('62', '62');
INSERT INTO `users_communities` (`user_id`, `community_id`) VALUES ('63', '63');
INSERT INTO `users_communities` (`user_id`, `community_id`) VALUES ('64', '64');
INSERT INTO `users_communities` (`user_id`, `community_id`) VALUES ('65', '65');
INSERT INTO `users_communities` (`user_id`, `community_id`) VALUES ('66', '66');
INSERT INTO `users_communities` (`user_id`, `community_id`) VALUES ('67', '67');
INSERT INTO `users_communities` (`user_id`, `community_id`) VALUES ('68', '68');
INSERT INTO `users_communities` (`user_id`, `community_id`) VALUES ('69', '69');
INSERT INTO `users_communities` (`user_id`, `community_id`) VALUES ('70', '70');
INSERT INTO `users_communities` (`user_id`, `community_id`) VALUES ('71', '71');
INSERT INTO `users_communities` (`user_id`, `community_id`) VALUES ('72', '72');
INSERT INTO `users_communities` (`user_id`, `community_id`) VALUES ('73', '73');
INSERT INTO `users_communities` (`user_id`, `community_id`) VALUES ('74', '74');
INSERT INTO `users_communities` (`user_id`, `community_id`) VALUES ('75', '75');
INSERT INTO `users_communities` (`user_id`, `community_id`) VALUES ('76', '76');
INSERT INTO `users_communities` (`user_id`, `community_id`) VALUES ('77', '77');
INSERT INTO `users_communities` (`user_id`, `community_id`) VALUES ('78', '78');
INSERT INTO `users_communities` (`user_id`, `community_id`) VALUES ('79', '79');
INSERT INTO `users_communities` (`user_id`, `community_id`) VALUES ('80', '80');
INSERT INTO `users_communities` (`user_id`, `community_id`) VALUES ('81', '81');
INSERT INTO `users_communities` (`user_id`, `community_id`) VALUES ('82', '82');
INSERT INTO `users_communities` (`user_id`, `community_id`) VALUES ('83', '83');
INSERT INTO `users_communities` (`user_id`, `community_id`) VALUES ('84', '84');
INSERT INTO `users_communities` (`user_id`, `community_id`) VALUES ('85', '85');
INSERT INTO `users_communities` (`user_id`, `community_id`) VALUES ('86', '86');
INSERT INTO `users_communities` (`user_id`, `community_id`) VALUES ('87', '87');
INSERT INTO `users_communities` (`user_id`, `community_id`) VALUES ('88', '88');
INSERT INTO `users_communities` (`user_id`, `community_id`) VALUES ('89', '89');
INSERT INTO `users_communities` (`user_id`, `community_id`) VALUES ('90', '90');
INSERT INTO `users_communities` (`user_id`, `community_id`) VALUES ('91', '91');
INSERT INTO `users_communities` (`user_id`, `community_id`) VALUES ('92', '92');
INSERT INTO `users_communities` (`user_id`, `community_id`) VALUES ('93', '93');
INSERT INTO `users_communities` (`user_id`, `community_id`) VALUES ('94', '94');
INSERT INTO `users_communities` (`user_id`, `community_id`) VALUES ('95', '95');
INSERT INTO `users_communities` (`user_id`, `community_id`) VALUES ('96', '96');
INSERT INTO `users_communities` (`user_id`, `community_id`) VALUES ('97', '97');
INSERT INTO `users_communities` (`user_id`, `community_id`) VALUES ('98', '98');
INSERT INTO `users_communities` (`user_id`, `community_id`) VALUES ('99', '99');
INSERT INTO `users_communities` (`user_id`, `community_id`) VALUES ('100', '100');






