-- MySQL dump 10.16  Distrib 10.2.27-MariaDB, for Linux (x86_64)
--
-- Host: mysql.hostinger.ro    Database: u574849695_24
-- ------------------------------------------------------
-- Server version	10.2.24-MariaDB

/*!40101 SET @OLD_CHARACTER_SET_CLIENT=@@CHARACTER_SET_CLIENT */;
/*!40101 SET @OLD_CHARACTER_SET_RESULTS=@@CHARACTER_SET_RESULTS */;
/*!40101 SET @OLD_COLLATION_CONNECTION=@@COLLATION_CONNECTION */;
/*!40101 SET NAMES utf8 */;
/*!40103 SET @OLD_TIME_ZONE=@@TIME_ZONE */;
/*!40103 SET TIME_ZONE='+00:00' */;
/*!40014 SET @OLD_UNIQUE_CHECKS=@@UNIQUE_CHECKS, UNIQUE_CHECKS=0 */;
/*!40014 SET @OLD_FOREIGN_KEY_CHECKS=@@FOREIGN_KEY_CHECKS, FOREIGN_KEY_CHECKS=0 */;
/*!40101 SET @OLD_SQL_MODE=@@SQL_MODE, SQL_MODE='NO_AUTO_VALUE_ON_ZERO' */;
/*!40111 SET @OLD_SQL_NOTES=@@SQL_NOTES, SQL_NOTES=0 */;
USE kraev_home_work;
--
-- Table structure for table `catalogs`
--

DROP TABLE IF EXISTS `catalogs`;
/*!40101 SET @saved_cs_client     = @@character_set_client */;
/*!40101 SET character_set_client = utf8 */;
CREATE TABLE `catalogs` (
  `id` bigint(20) unsigned NOT NULL AUTO_INCREMENT,
  `name` varchar(255) COLLATE utf8_unicode_ci DEFAULT NULL COMMENT 'Название раздела',
  PRIMARY KEY (`id`),
  UNIQUE KEY `unique_name` (`name`(10))
) ENGINE=InnoDB AUTO_INCREMENT=101 DEFAULT CHARSET=utf8 COLLATE=utf8_unicode_ci COMMENT='Разделы интернет-магазина';
/*!40101 SET character_set_client = @saved_cs_client */;

--
-- Dumping data for table `catalogs`
--

LOCK TABLES `catalogs` WRITE;
/*!40000 ALTER TABLE `catalogs` DISABLE KEYS */;
INSERT INTO `catalogs` VALUES (1,'natus'),(2,'nihil'),(3,'doloremque'),(4,'et'),(5,'vitae'),(6,'est'),(7,'eos'),(8,'provident'),(9,'labore'),(10,'eligendi'),(11,'culpa'),(12,'a'),(13,'non'),(14,'dolorum'),(15,'quae'),(16,'excepturi'),(17,'quo'),(18,'omnis'),(19,'placeat'),(20,'neque'),(21,'fugiat'),(22,'ea'),(23,'numquam'),(24,'quas'),(25,'earum'),(26,'sapiente'),(27,'adipisci'),(28,'cupiditate'),(29,'in'),(30,'optio'),(31,'repellat'),(32,'qui'),(33,'dolorem'),(34,'pariatur'),(35,'odit'),(36,'ipsa'),(37,'enim'),(38,'dolor'),(39,'quis'),(40,'ut'),(41,'molestiae'),(42,'asperiores'),(43,'beatae'),(44,'distinctio'),(45,'tempora'),(46,'minima'),(47,'explicabo'),(48,'mollitia'),(49,'voluptatem'),(50,'aperiam'),(51,'vero'),(52,'ratione'),(53,'nemo'),(54,'laudantium'),(55,'commodi'),(56,'occaecati'),(57,'deleniti'),(58,'consequuntur'),(59,'magnam'),(60,'aut'),(61,'ad'),(62,'sed'),(63,'modi'),(64,'velit'),(65,'quia'),(66,'voluptates'),(67,'porro'),(68,'saepe'),(69,'officia'),(70,'quidem'),(71,'eaque'),(72,'nesciunt'),(73,'voluptas'),(74,'iste'),(75,'eum'),(76,'totam'),(77,'facere'),(78,'perferendis'),(79,'nostrum'),(80,'suscipit'),(81,'ducimus'),(82,'ipsam'),(83,'vel'),(84,'id'),(85,'reiciendis'),(86,'quibusdam'),(87,'ex'),(88,'cumque'),(89,'consequatur'),(90,'veniam'),(91,'magni'),(92,'possimus'),(93,'rem'),(94,'nobis'),(95,'minus'),(96,'accusantium'),(97,'sint'),(98,'quam'),(99,'rerum'),(100,'libero');
/*!40000 ALTER TABLE `catalogs` ENABLE KEYS */;
UNLOCK TABLES;

--
-- Table structure for table `discounts`
--

DROP TABLE IF EXISTS `discounts`;
/*!40101 SET @saved_cs_client     = @@character_set_client */;
/*!40101 SET character_set_client = utf8 */;
CREATE TABLE `discounts` (
  `id` bigint(20) unsigned NOT NULL AUTO_INCREMENT,
  `user_id` int(10) unsigned DEFAULT NULL,
  `product_id` int(10) unsigned DEFAULT NULL,
  `discount` float unsigned DEFAULT NULL COMMENT 'Величина скидки от 0.0 до 1.0',
  `started_at` datetime DEFAULT NULL,
  `finished_at` datetime DEFAULT NULL,
  `created_at` datetime DEFAULT current_timestamp(),
  `updated_at` datetime DEFAULT current_timestamp() ON UPDATE current_timestamp(),
  PRIMARY KEY (`id`),
  KEY `index_of_user_id` (`user_id`),
  KEY `index_of_product_id` (`product_id`)
) ENGINE=InnoDB AUTO_INCREMENT=101 DEFAULT CHARSET=utf8 COLLATE=utf8_unicode_ci COMMENT='Скидки';
/*!40101 SET character_set_client = @saved_cs_client */;

--
-- Dumping data for table `discounts`
--

LOCK TABLES `discounts` WRITE;
/*!40000 ALTER TABLE `discounts` DISABLE KEYS */;
INSERT INTO `discounts` VALUES (1,1,1,3106630,'1991-01-29 01:30:48','1983-10-11 07:39:30','1977-10-26 08:29:11','2001-11-11 21:56:56'),(2,2,2,61126,'2018-01-19 06:00:19','1970-08-31 10:42:36','1989-11-21 06:03:07','2009-04-26 14:19:13'),(3,3,3,13,'1993-11-15 03:11:52','2014-02-16 18:43:07','1985-08-25 15:06:31','2018-06-26 13:10:58'),(4,4,4,25,'2013-10-27 08:58:57','2005-08-04 15:32:39','1993-06-25 13:09:17','1988-03-02 01:26:06'),(5,5,5,0,'2016-09-14 03:20:13','1995-01-13 19:08:06','1972-04-27 12:13:42','2004-02-22 08:34:58'),(6,6,6,23882300,'1995-11-19 12:12:37','1998-01-18 04:27:01','1995-06-10 05:21:30','2018-05-31 12:06:23'),(7,7,7,782387,'2008-08-11 02:20:55','2006-06-20 14:08:15','1985-07-15 20:00:53','1975-04-02 07:53:42'),(8,8,8,1366190,'2003-10-28 02:23:07','1981-05-14 05:16:16','2016-07-14 02:16:59','1979-07-28 08:07:27'),(9,9,9,6619,'2005-10-26 16:10:24','1984-12-13 05:05:17','1982-08-23 21:03:44','2010-01-06 05:37:00'),(10,10,10,363962000,'2011-08-30 15:14:43','2005-05-15 11:02:07','2001-02-07 09:59:15','1982-02-09 10:51:05'),(11,11,11,4747770,'1981-02-22 03:49:22','1976-10-14 08:00:25','1983-07-10 10:10:02','2013-11-16 17:13:38'),(12,12,12,81920100,'1980-07-17 02:01:45','1999-05-25 19:07:29','1994-07-26 08:12:38','2003-11-19 01:01:02'),(13,13,13,56283,'2010-12-16 23:46:29','1986-08-07 02:11:38','2018-03-29 17:26:48','2014-04-04 12:56:59'),(14,14,14,19843,'1995-04-11 09:59:52','2002-09-29 21:38:15','2009-08-17 02:47:46','2000-01-11 07:05:03'),(15,15,15,390745000,'1976-12-04 15:43:34','1976-02-20 00:30:46','2017-09-15 04:52:21','1989-10-22 09:01:28'),(16,16,16,38,'2005-08-13 23:28:44','1976-03-10 17:11:37','2010-06-10 19:17:39','1986-05-30 04:58:53'),(17,17,17,53,'1983-12-24 17:06:30','1987-02-20 05:33:08','1978-06-08 20:22:11','1984-11-19 23:29:34'),(18,18,18,568104,'1973-07-20 13:18:38','2003-05-04 09:23:02','1980-03-05 17:32:01','2004-07-08 10:36:05'),(19,19,19,585006000,'2018-12-12 10:58:26','1988-09-03 23:11:32','2016-01-10 03:26:52','2017-02-10 01:07:26'),(20,20,20,54,'2011-12-23 15:10:09','1972-05-26 02:50:48','1998-06-02 05:51:55','1978-06-19 23:20:58'),(21,21,21,44583300,'1981-06-23 10:22:03','1990-12-21 23:44:20','1982-02-27 01:50:14','2013-06-03 23:25:26'),(22,22,22,7915,'2015-03-23 22:43:07','2013-08-17 06:25:52','1991-07-09 02:28:06','1984-11-13 05:07:25'),(23,23,23,764066000,'1983-08-07 16:19:46','1997-08-06 19:56:53','1989-09-13 23:01:14','1992-01-14 14:02:19'),(24,24,24,996,'2005-09-21 14:18:44','1972-11-26 18:37:04','1988-01-14 00:40:47','2007-10-25 09:19:55'),(25,25,25,5,'1972-01-26 13:39:54','2008-10-19 03:19:48','1980-07-26 10:41:00','1970-05-27 05:02:33'),(26,26,26,876914000,'2010-05-05 07:27:29','1992-07-19 09:36:14','2000-02-27 03:44:45','1990-07-08 18:06:14'),(27,27,27,44777100,'2000-10-17 00:26:53','1999-07-31 14:42:47','2013-07-04 14:59:52','1975-04-02 16:32:15'),(28,28,28,45319400,'1994-07-06 20:58:34','1990-06-28 23:49:43','1972-03-25 07:21:00','1997-07-22 05:54:42'),(29,29,29,141482000,'2014-06-28 03:40:15','1973-03-22 07:08:23','2004-08-27 16:24:12','1983-11-29 21:48:46'),(30,30,30,4,'2010-04-13 19:14:56','1979-04-13 21:23:20','1988-03-24 04:31:54','1993-02-19 17:48:12'),(31,31,31,733,'1982-10-04 07:03:02','1997-01-10 20:34:27','1972-01-11 18:05:51','1978-06-25 20:38:40'),(32,32,32,0,'2009-08-25 14:13:49','2008-04-05 05:41:18','1982-05-24 20:53:16','1995-10-03 11:02:11'),(33,33,33,5969000,'1972-08-23 07:21:41','1991-03-29 23:33:34','1984-05-09 01:35:53','1995-08-15 14:25:50'),(34,34,34,0,'1970-07-18 02:35:11','2012-12-20 03:49:19','1974-03-31 14:35:37','1997-04-08 07:05:40'),(35,35,35,639651000,'1975-06-21 00:17:53','1981-08-09 01:22:39','1985-08-09 12:08:07','1999-04-04 17:47:05'),(36,36,36,27401,'1987-09-05 07:00:47','2011-12-16 13:51:18','1993-01-07 17:20:47','2004-12-29 18:44:44'),(37,37,37,76857,'2010-02-18 06:21:07','1996-08-12 22:48:35','2009-05-24 04:28:42','2001-08-02 12:25:37'),(38,38,38,7,'2014-04-28 08:10:59','1982-03-13 02:21:21','2018-10-08 18:05:38','2004-05-19 13:37:50'),(39,39,39,644,'2012-11-18 19:03:56','1999-05-18 10:29:11','1996-01-18 07:59:15','1980-08-09 02:35:03'),(40,40,40,306102000,'2001-09-12 08:11:35','2012-02-06 05:02:07','1978-07-09 04:18:51','1978-06-13 01:04:53'),(41,41,41,0,'1979-05-24 06:21:20','2010-09-30 06:18:05','2004-03-12 22:23:53','1982-02-12 07:31:47'),(42,42,42,9297,'1976-09-04 11:25:41','1982-02-12 18:24:58','1974-12-23 20:11:45','2018-04-23 01:14:23'),(43,43,43,2,'1974-12-13 16:09:23','1983-05-15 22:26:41','1991-08-21 02:27:28','2004-09-14 10:48:06'),(44,44,44,0,'1979-10-08 15:58:24','1987-04-18 14:54:01','1983-09-11 15:03:57','2004-11-28 16:51:53'),(45,45,45,948,'2015-09-13 23:29:12','1985-02-02 09:34:56','2015-12-01 18:27:32','2006-01-16 14:12:36'),(46,46,46,0,'1977-06-08 01:21:23','1988-11-24 13:38:54','1992-05-23 11:19:38','1989-05-28 06:00:09'),(47,47,47,278488000,'1997-01-21 17:52:33','2019-01-09 22:21:33','1998-11-29 04:34:21','1974-07-28 09:30:41'),(48,48,48,744,'1978-07-11 02:46:04','1983-04-10 14:41:48','2017-01-05 16:45:17','1998-07-12 01:32:37'),(49,49,49,78973700,'2008-12-30 01:31:34','1999-09-16 08:46:33','1989-12-19 08:41:50','2009-03-02 20:59:15'),(50,50,50,6726,'2014-02-05 11:10:06','2008-04-19 11:50:44','1986-10-02 06:55:08','1982-02-10 14:05:25'),(51,51,51,809649000,'2004-11-29 09:17:52','1984-03-29 10:09:15','1982-11-20 08:21:45','1978-01-01 02:34:42'),(52,52,52,75186000,'1993-05-22 14:22:31','2006-01-05 05:37:09','2002-07-09 09:59:48','2009-06-22 06:51:35'),(53,53,53,240458000,'1985-01-23 20:00:17','1983-01-23 15:24:28','1993-05-21 09:05:58','1974-10-31 02:40:59'),(54,54,54,920,'1983-02-22 08:56:30','1976-12-15 23:09:32','1985-12-08 08:53:23','2019-07-31 05:56:46'),(55,55,55,497,'1981-04-09 07:38:29','1985-10-09 12:14:16','1995-02-10 09:29:57','1994-07-31 18:59:38'),(56,56,56,3648,'1990-08-11 06:37:03','1990-09-18 16:34:05','1974-03-11 15:56:44','1999-03-14 22:00:14'),(57,57,57,24,'2016-09-11 12:27:50','2017-03-30 03:18:11','1998-02-26 14:43:29','2009-06-08 19:43:22'),(58,58,58,3546980,'1982-02-15 10:23:08','2000-06-09 15:36:28','2014-01-29 04:15:22','1999-11-30 11:36:52'),(59,59,59,69460,'2014-10-29 20:49:38','1997-01-06 19:29:33','1997-03-12 12:51:32','2003-05-14 20:46:26'),(60,60,60,9786,'1984-03-29 08:14:08','1975-08-21 06:45:14','2002-10-03 17:50:48','2007-03-11 10:35:56'),(61,61,61,94427,'1993-12-24 03:56:53','1981-08-14 14:14:06','2004-02-16 08:47:51','2005-09-29 00:27:41'),(62,62,62,212168,'1988-12-02 07:44:32','1981-07-02 01:44:57','1978-04-24 16:16:44','2000-05-10 22:27:20'),(63,63,63,277326,'1996-12-14 11:02:33','1981-01-19 04:19:41','1981-10-02 21:55:18','1979-11-08 13:42:11'),(64,64,64,7865,'1999-11-26 08:27:06','1999-12-07 21:20:33','2014-03-28 09:41:26','1988-05-11 04:34:50'),(65,65,65,0,'2001-04-01 17:26:56','1973-07-26 06:18:05','2003-04-08 14:49:29','1977-09-29 23:27:12'),(66,66,66,4288,'1994-02-03 20:13:49','2011-05-30 10:39:05','1972-03-07 18:18:12','2009-03-28 20:00:20'),(67,67,67,557180,'2005-03-27 23:08:58','2015-08-18 10:50:30','1996-06-14 16:55:15','1978-09-12 20:17:11'),(68,68,68,15,'2007-02-26 21:06:56','2001-11-05 05:30:34','1975-08-15 22:34:15','2010-10-11 17:01:19'),(69,69,69,6355490,'1977-02-01 12:57:00','1974-09-09 02:11:03','1984-10-19 03:51:50','1989-06-25 06:35:12'),(70,70,70,3977,'1976-07-12 19:38:23','1974-03-20 12:44:54','2015-10-31 01:58:35','1971-09-07 09:01:24'),(71,71,71,5,'1987-11-04 12:27:48','1985-06-03 08:47:04','2000-09-08 07:02:34','1987-09-16 20:34:42'),(72,72,72,0,'2006-11-10 13:36:39','2006-06-12 18:03:49','2003-03-05 12:04:59','2002-08-05 08:14:49'),(73,73,73,83395,'2009-12-03 12:33:51','2010-04-22 18:18:02','1987-01-09 18:11:40','1983-08-24 00:16:10'),(74,74,74,0,'2001-09-25 17:43:34','1987-06-12 02:25:53','2013-08-30 21:58:14','2003-06-22 21:02:09'),(75,75,75,5,'2012-05-07 03:42:59','1995-11-24 17:08:05','2019-01-07 14:00:26','2004-08-19 04:06:27'),(76,76,76,0,'1993-08-08 23:11:42','2016-02-02 08:59:41','2007-09-25 09:43:23','1990-01-27 09:42:54'),(77,77,77,558940,'2009-08-27 18:05:00','1984-09-07 04:57:45','2016-01-25 19:49:07','2012-02-03 21:28:13'),(78,78,78,673935,'1997-11-18 02:06:58','1979-01-23 13:29:33','2016-11-17 01:56:45','1976-02-20 14:45:30'),(79,79,79,15024500,'1973-08-03 22:12:18','1985-11-25 23:46:36','1989-01-28 07:15:22','1995-05-17 23:32:11'),(80,80,80,9854,'2002-01-11 13:59:45','2015-05-06 04:06:26','1982-07-13 13:39:52','2017-07-30 21:38:40'),(81,81,81,0,'1995-09-30 00:54:23','2019-06-23 23:02:51','1976-05-29 04:23:58','1984-11-28 20:22:27'),(82,82,82,327691000,'1992-03-09 03:05:40','1998-10-21 19:46:39','2011-12-24 13:07:56','2007-08-12 03:54:01'),(83,83,83,79303300,'1972-03-23 20:46:39','1982-07-27 12:54:07','1976-04-19 12:55:00','2016-12-17 07:12:55'),(84,84,84,75668600,'2010-08-03 20:17:53','1980-06-07 07:34:17','1997-08-09 16:03:29','1997-11-05 18:35:19'),(85,85,85,543002000,'1988-06-11 11:42:46','1993-11-23 10:54:52','1990-06-06 21:04:53','2018-01-10 07:19:00'),(86,86,86,12073300,'1972-07-24 01:38:17','1995-02-26 13:31:31','1981-11-28 20:50:31','2014-11-21 12:44:59'),(87,87,87,373732,'1979-03-22 01:27:38','1979-03-24 19:38:01','1972-02-08 12:20:31','1981-10-03 14:37:52'),(88,88,88,92528400,'2010-02-15 16:53:57','2006-06-16 08:48:35','2004-02-20 04:15:48','2001-12-03 12:16:41'),(89,89,89,4,'2008-06-27 22:00:05','1988-01-18 08:58:40','2006-05-28 09:29:09','1993-08-21 23:22:19'),(90,90,90,58730900,'1991-07-06 22:56:30','2003-06-16 01:53:49','1998-05-27 01:59:58','2012-02-24 04:59:09'),(91,91,91,0,'1975-05-17 12:59:54','2011-12-31 22:11:01','1977-07-22 09:53:24','2011-01-25 09:43:01'),(92,92,92,465998,'2014-09-07 14:00:16','1980-07-13 08:06:40','2011-10-21 21:06:04','1982-06-04 05:00:41'),(93,93,93,37836,'1973-03-14 15:17:39','2008-08-11 18:58:14','1981-12-20 20:22:46','1992-09-06 07:09:24'),(94,94,94,3047,'1990-12-31 19:05:36','1978-07-21 01:20:38','1996-01-28 11:20:04','1984-11-01 04:16:22'),(95,95,95,20,'1986-03-18 12:48:04','2018-07-16 14:28:31','1996-04-11 18:46:16','1996-11-05 18:20:53'),(96,96,96,0,'2004-09-23 22:44:25','1986-04-23 22:33:00','1981-02-26 16:34:39','2007-05-26 01:18:35'),(97,97,97,3883,'1973-01-10 14:39:31','1993-11-25 20:05:16','2014-01-08 19:09:09','1972-02-19 05:44:12'),(98,98,98,63439500,'2008-07-23 19:32:45','1996-04-07 11:22:34','1996-02-20 14:45:17','1994-05-16 09:40:36'),(99,99,99,2299600,'1979-04-29 13:42:00','1998-08-18 17:46:37','1996-07-28 12:46:22','2010-04-20 19:41:35'),(100,100,100,840476,'1992-01-30 04:59:38','1970-07-09 17:53:28','1999-05-16 16:14:50','2010-01-10 18:02:58');
/*!40000 ALTER TABLE `discounts` ENABLE KEYS */;
UNLOCK TABLES;

--
-- Table structure for table `orders`
--

DROP TABLE IF EXISTS `orders`;
/*!40101 SET @saved_cs_client     = @@character_set_client */;
/*!40101 SET character_set_client = utf8 */;
CREATE TABLE `orders` (
  `id` bigint(20) unsigned NOT NULL AUTO_INCREMENT,
  `user_id` int(10) unsigned DEFAULT NULL,
  `created_at` datetime DEFAULT current_timestamp(),
  `updated_at` datetime DEFAULT current_timestamp() ON UPDATE current_timestamp(),
  PRIMARY KEY (`id`),
  KEY `index_of_user_id` (`user_id`)
) ENGINE=InnoDB AUTO_INCREMENT=101 DEFAULT CHARSET=utf8 COLLATE=utf8_unicode_ci COMMENT='Заказы';
/*!40101 SET character_set_client = @saved_cs_client */;

--
-- Dumping data for table `orders`
--

LOCK TABLES `orders` WRITE;
/*!40000 ALTER TABLE `orders` DISABLE KEYS */;
INSERT INTO `orders` VALUES (1,1,'1990-01-22 18:00:42','1992-10-10 18:24:47'),(2,2,'1991-08-10 15:02:46','2016-06-27 10:50:05'),(3,3,'1986-09-07 08:39:32','2019-05-24 08:25:48'),(4,4,'1973-09-28 21:00:19','2006-08-05 01:15:51'),(5,5,'2000-08-20 18:48:52','1977-12-24 01:41:14'),(6,6,'2003-09-30 19:43:42','1998-12-27 10:13:26'),(7,7,'1996-05-28 00:51:48','1970-06-16 08:06:09'),(8,8,'1996-10-07 03:44:09','2002-04-03 15:16:34'),(9,9,'1983-03-03 09:22:53','1990-10-24 07:33:19'),(10,10,'2019-04-09 16:37:02','1990-09-30 06:42:53'),(11,11,'1988-12-11 14:22:41','2003-09-27 06:17:02'),(12,12,'2009-01-20 23:54:11','2003-02-11 06:58:02'),(13,13,'1979-04-04 12:55:55','1972-09-28 14:20:23'),(14,14,'2003-02-26 07:46:17','1972-03-07 09:59:33'),(15,15,'1984-12-25 00:08:52','2005-10-21 21:47:12'),(16,16,'2013-12-05 12:37:44','1992-05-31 05:46:01'),(17,17,'1981-06-28 06:18:03','1991-09-10 07:44:09'),(18,18,'2019-05-13 14:21:30','2015-05-03 12:57:36'),(19,19,'1984-05-17 21:35:58','1974-09-12 14:40:53'),(20,20,'2012-04-25 21:41:33','1979-10-15 11:16:33'),(21,21,'1985-03-22 03:26:46','2018-07-28 12:00:09'),(22,22,'1988-04-05 06:45:47','1974-03-29 17:12:03'),(23,23,'1976-09-28 07:25:22','1983-08-22 07:56:14'),(24,24,'1999-06-21 00:06:01','1998-02-04 17:05:00'),(25,25,'2012-04-23 04:25:49','2003-11-28 14:46:23'),(26,26,'1970-01-17 23:49:02','2005-04-26 00:46:00'),(27,27,'1995-07-14 17:47:20','1991-05-24 08:18:42'),(28,28,'1985-01-09 09:43:07','1984-07-21 19:26:15'),(29,29,'2007-07-24 14:40:06','1983-12-21 20:59:20'),(30,30,'2000-05-03 12:22:20','1991-07-24 11:55:33'),(31,31,'2016-09-02 00:14:55','2000-04-26 01:38:34'),(32,32,'2012-01-22 19:56:43','1988-10-05 08:07:32'),(33,33,'1992-07-12 11:45:08','2001-10-24 03:40:23'),(34,34,'1981-01-19 21:20:01','1970-02-25 00:27:21'),(35,35,'1983-03-02 14:21:01','1978-07-05 02:08:27'),(36,36,'2019-07-18 20:09:43','1986-08-31 02:52:49'),(37,37,'2002-12-24 00:23:58','2005-09-27 14:28:21'),(38,38,'2013-02-24 12:29:49','1975-07-30 18:32:21'),(39,39,'2013-03-11 13:31:54','2006-06-21 15:59:26'),(40,40,'2012-01-20 18:13:16','1983-12-31 02:44:17'),(41,41,'2006-02-07 20:11:44','1980-12-22 18:52:38'),(42,42,'1995-05-05 07:35:44','1984-09-12 13:20:35'),(43,43,'1986-10-30 06:47:23','2013-09-02 07:39:34'),(44,44,'2004-02-19 09:22:49','1980-06-03 20:52:17'),(45,45,'2011-09-21 06:03:16','1971-06-13 12:26:19'),(46,46,'1993-04-26 14:57:15','2012-06-01 17:49:09'),(47,47,'2008-03-02 15:12:14','1990-12-20 00:25:31'),(48,48,'2015-06-09 12:36:41','2007-04-05 14:01:51'),(49,49,'1983-05-01 02:00:11','1998-10-09 19:20:11'),(50,50,'1988-08-01 09:13:46','2014-04-08 11:04:37'),(51,51,'1974-12-31 06:25:57','1996-10-14 23:24:07'),(52,52,'2002-07-31 05:15:15','1986-04-08 18:02:13'),(53,53,'1979-11-08 14:20:24','1981-12-03 10:00:38'),(54,54,'1975-05-12 00:49:24','1972-03-14 12:43:27'),(55,55,'2005-12-01 19:03:29','2016-10-12 13:42:07'),(56,56,'1993-12-10 01:30:26','2007-08-07 16:13:15'),(57,57,'1995-07-16 21:25:46','2014-10-24 12:13:51'),(58,58,'2002-09-22 11:16:35','2006-03-14 09:51:09'),(59,59,'1971-11-27 18:20:39','1984-02-29 13:04:37'),(60,60,'2010-02-06 10:35:06','1974-01-30 00:12:21'),(61,61,'1982-09-15 19:38:17','1985-07-01 04:41:03'),(62,62,'2008-11-03 08:26:21','2019-06-23 13:44:58'),(63,63,'1981-07-31 00:49:20','2010-02-16 05:31:58'),(64,64,'1978-05-08 02:31:26','2014-08-17 22:36:29'),(65,65,'1974-05-14 08:36:24','2003-10-04 10:24:33'),(66,66,'1986-03-06 04:53:12','2000-09-02 22:10:19'),(67,67,'1988-02-27 03:04:53','2009-01-27 02:24:58'),(68,68,'1987-03-03 10:35:53','1975-06-14 09:59:00'),(69,69,'1990-06-29 20:53:23','1990-07-07 19:47:33'),(70,70,'1990-01-03 20:37:40','1997-02-18 06:11:52'),(71,71,'2000-02-05 14:37:54','2005-02-06 03:05:32'),(72,72,'2000-08-14 20:16:31','1998-04-02 02:59:57'),(73,73,'1979-09-26 11:35:08','1990-01-28 00:48:03'),(74,74,'1978-12-27 11:46:49','2012-08-20 10:59:21'),(75,75,'2005-04-11 02:14:17','1991-02-06 02:05:43'),(76,76,'1985-03-14 21:05:46','1979-12-02 21:31:42'),(77,77,'2011-02-12 03:15:11','1971-02-25 00:28:35'),(78,78,'1983-04-17 10:13:14','1992-07-28 20:00:53'),(79,79,'2010-10-04 01:51:50','1989-12-07 08:25:29'),(80,80,'1973-08-10 22:07:18','1976-03-10 03:04:10'),(81,81,'1973-05-01 12:16:16','2012-01-20 17:11:24'),(82,82,'1987-10-26 09:56:14','1997-10-06 02:23:29'),(83,83,'1997-12-11 06:54:53','2012-08-02 15:20:27'),(84,84,'1972-11-28 08:11:45','2009-11-13 23:20:40'),(85,85,'1992-11-30 13:38:27','1993-07-10 18:58:54'),(86,86,'1987-07-04 12:08:06','1994-10-02 13:54:57'),(87,87,'1972-06-04 05:06:30','1993-05-31 12:33:30'),(88,88,'2013-04-18 22:47:26','1991-02-19 03:22:34'),(89,89,'1997-02-02 01:31:26','1974-08-18 12:13:17'),(90,90,'2005-01-02 11:15:53','2002-06-23 06:16:44'),(91,91,'2009-01-05 06:39:43','1999-11-06 10:36:37'),(92,92,'2005-08-17 20:59:47','1981-01-25 18:02:39'),(93,93,'1988-05-08 10:44:33','1989-06-28 18:18:48'),(94,94,'1987-05-18 23:55:32','2000-10-19 16:24:49'),(95,95,'1977-05-22 10:44:09','1995-05-22 07:11:11'),(96,96,'2004-08-24 23:55:29','1974-01-12 18:15:31'),(97,97,'1984-09-21 09:38:46','1982-11-20 22:39:36'),(98,98,'1997-11-14 22:03:56','2009-12-13 01:29:26'),(99,99,'1995-11-07 07:48:41','2016-06-28 02:13:17'),(100,100,'1987-05-11 18:12:44','1978-05-23 16:33:24');
/*!40000 ALTER TABLE `orders` ENABLE KEYS */;
UNLOCK TABLES;

--
-- Table structure for table `orders_products`
--

DROP TABLE IF EXISTS `orders_products`;
/*!40101 SET @saved_cs_client     = @@character_set_client */;
/*!40101 SET character_set_client = utf8 */;
CREATE TABLE `orders_products` (
  `id` bigint(20) unsigned NOT NULL AUTO_INCREMENT,
  `order_id` int(10) unsigned DEFAULT NULL,
  `product_id` int(10) unsigned DEFAULT NULL,
  `total` int(10) unsigned DEFAULT 1 COMMENT 'Количество заказанных товарных позиций',
  `created_at` datetime DEFAULT current_timestamp(),
  `updated_at` datetime DEFAULT current_timestamp() ON UPDATE current_timestamp(),
  PRIMARY KEY (`id`)
) ENGINE=InnoDB AUTO_INCREMENT=101 DEFAULT CHARSET=utf8 COLLATE=utf8_unicode_ci COMMENT='Состав заказа';
/*!40101 SET character_set_client = @saved_cs_client */;

--
-- Dumping data for table `orders_products`
--

LOCK TABLES `orders_products` WRITE;
/*!40000 ALTER TABLE `orders_products` DISABLE KEYS */;
INSERT INTO `orders_products` VALUES (1,1,1,9,'2001-08-02 14:04:53','1970-11-15 21:22:30'),(2,2,2,4,'1995-05-04 16:04:36','1984-10-03 04:50:17'),(3,3,3,0,'1983-07-20 17:06:22','1995-12-13 07:39:59'),(4,4,4,0,'1988-03-17 15:34:22','1975-10-26 18:06:30'),(5,5,5,7,'1981-05-29 16:04:02','2010-05-14 05:59:20'),(6,6,6,4,'2002-11-28 05:11:30','2018-05-01 19:07:14'),(7,7,7,6,'1976-10-04 01:54:32','1975-02-03 23:28:22'),(8,8,8,0,'2007-12-16 11:05:33','1979-05-09 19:59:18'),(9,9,9,6,'1996-01-24 13:53:31','1997-03-17 18:27:41'),(10,10,10,1,'1986-04-15 10:25:57','2004-10-28 06:26:51'),(11,11,11,3,'2003-06-22 19:02:33','1992-09-24 08:30:49'),(12,12,12,5,'1985-02-14 10:58:30','1997-08-23 06:48:04'),(13,13,13,0,'1994-02-24 08:28:10','1990-02-11 14:40:45'),(14,14,14,5,'2002-10-06 07:06:18','1984-08-26 22:26:07'),(15,15,15,9,'1978-05-30 21:03:28','2016-02-20 11:34:22'),(16,16,16,1,'1980-04-05 16:46:30','1990-06-01 00:09:07'),(17,17,17,6,'1984-10-02 08:34:37','2009-01-06 12:20:35'),(18,18,18,1,'1992-05-30 22:37:56','1988-09-12 00:17:51'),(19,19,19,3,'1994-05-12 14:22:41','2009-02-02 16:29:42'),(20,20,20,0,'1970-01-14 11:03:30','1977-09-29 02:32:24'),(21,21,21,6,'1984-09-28 21:00:31','1979-12-11 05:20:41'),(22,22,22,9,'2013-05-12 15:33:32','2011-04-05 12:55:15'),(23,23,23,1,'2013-09-01 16:51:44','2018-12-13 16:20:10'),(24,24,24,6,'2012-06-26 20:57:42','2004-02-27 07:22:46'),(25,25,25,4,'2003-02-12 13:21:49','1999-05-22 18:15:44'),(26,26,26,2,'2005-04-06 02:59:04','2002-02-13 09:47:35'),(27,27,27,8,'1986-11-29 09:51:13','1977-11-04 05:03:15'),(28,28,28,4,'1978-08-24 23:51:11','1995-09-15 20:28:05'),(29,29,29,1,'1983-01-01 02:58:42','1988-06-18 16:47:50'),(30,30,30,4,'1989-11-13 11:23:12','1972-03-10 05:00:26'),(31,31,31,6,'1995-07-16 08:35:01','1994-11-30 13:04:24'),(32,32,32,7,'2003-05-05 16:21:09','1996-02-22 17:58:55'),(33,33,33,8,'1979-11-08 08:41:42','1988-04-26 18:30:07'),(34,34,34,4,'1988-03-17 16:29:57','1987-07-03 17:38:20'),(35,35,35,7,'2004-08-04 03:52:44','1978-01-24 02:38:05'),(36,36,36,8,'2012-10-24 13:57:25','2004-06-27 09:57:37'),(37,37,37,5,'2019-01-22 13:51:58','2016-10-17 02:58:48'),(38,38,38,6,'1993-10-05 17:14:32','1970-02-02 21:07:54'),(39,39,39,2,'2006-04-13 17:44:29','2011-11-09 13:27:40'),(40,40,40,3,'2017-09-14 02:22:14','1991-10-23 01:06:53'),(41,41,41,1,'1974-01-26 00:21:43','2019-07-06 12:18:19'),(42,42,42,7,'2006-03-10 11:31:11','1983-01-25 18:40:03'),(43,43,43,9,'2004-08-12 03:20:11','1985-12-16 21:35:37'),(44,44,44,3,'2018-01-03 08:16:59','1973-08-24 11:57:26'),(45,45,45,7,'1976-05-12 03:21:54','2006-12-15 00:14:30'),(46,46,46,0,'1991-12-17 06:12:11','1988-04-15 03:08:20'),(47,47,47,3,'1984-06-25 15:42:32','1975-09-27 08:38:30'),(48,48,48,9,'2015-01-01 20:46:29','2014-06-23 08:15:25'),(49,49,49,2,'1985-06-08 19:10:47','2004-01-31 02:31:02'),(50,50,50,3,'2013-06-10 09:35:55','1978-11-05 04:23:56'),(51,51,51,2,'2016-07-11 20:56:56','2004-08-07 01:27:03'),(52,52,52,2,'1984-01-04 07:46:49','1990-05-05 08:04:19'),(53,53,53,2,'2003-08-15 23:29:05','2018-06-15 08:17:13'),(54,54,54,3,'1974-03-13 08:44:10','1974-06-10 00:37:03'),(55,55,55,4,'1999-11-05 11:04:07','1986-06-25 23:58:30'),(56,56,56,4,'2012-04-22 17:27:47','1984-04-27 21:20:28'),(57,57,57,9,'2019-03-28 01:31:12','2016-08-10 17:07:45'),(58,58,58,3,'2017-06-06 01:32:33','1993-05-15 03:16:10'),(59,59,59,5,'2013-04-07 19:12:54','1987-08-28 06:55:11'),(60,60,60,9,'1992-08-10 20:27:24','1983-08-20 11:22:44'),(61,61,61,3,'1975-06-20 01:44:53','2007-10-14 19:45:09'),(62,62,62,3,'2014-02-11 22:17:08','1998-05-18 12:35:46'),(63,63,63,5,'2009-01-11 11:37:00','1995-12-21 03:32:20'),(64,64,64,4,'2015-02-16 04:52:33','1989-03-31 11:02:35'),(65,65,65,1,'2000-07-19 18:46:12','2001-03-30 14:07:33'),(66,66,66,4,'1992-04-19 18:03:02','2018-07-01 21:44:06'),(67,67,67,9,'1975-08-19 23:24:06','2007-06-23 03:05:08'),(68,68,68,6,'2014-05-12 02:59:18','2015-08-06 11:52:20'),(69,69,69,7,'2010-02-13 22:03:47','1994-07-21 19:28:16'),(70,70,70,0,'1973-03-19 03:10:14','1976-09-24 20:45:22'),(71,71,71,7,'2001-12-14 01:31:54','1998-07-17 01:58:45'),(72,72,72,8,'1983-11-30 21:44:41','1973-09-05 15:35:45'),(73,73,73,1,'2012-03-14 11:46:53','1978-07-14 13:26:07'),(74,74,74,2,'1989-09-05 00:12:45','1987-07-13 14:34:10'),(75,75,75,5,'1977-08-14 12:39:54','1975-06-24 07:55:48'),(76,76,76,9,'2012-12-23 06:51:33','1982-07-16 06:43:32'),(77,77,77,7,'2015-02-21 19:25:28','1993-09-23 07:10:35'),(78,78,78,8,'1979-08-21 09:11:20','2001-04-05 12:49:35'),(79,79,79,8,'2012-07-19 13:00:17','2001-02-10 12:02:58'),(80,80,80,3,'1979-04-20 00:44:07','2003-11-25 04:47:06'),(81,81,81,1,'1998-02-07 01:55:51','2010-11-15 10:15:56'),(82,82,82,6,'1981-03-07 12:46:18','2007-11-02 04:23:41'),(83,83,83,2,'1985-11-08 15:43:28','1971-09-08 12:29:45'),(84,84,84,6,'2015-05-28 11:18:11','1980-08-01 17:50:36'),(85,85,85,6,'1996-06-28 16:00:22','2001-09-20 18:43:26'),(86,86,86,5,'2002-04-10 20:38:50','1989-07-03 03:34:35'),(87,87,87,5,'1980-05-25 07:48:01','1987-09-12 03:16:36'),(88,88,88,5,'1985-07-19 15:22:10','1993-10-15 01:07:39'),(89,89,89,2,'1974-09-23 22:36:39','1973-11-05 12:23:08'),(90,90,90,0,'1981-10-25 11:52:54','2006-04-28 19:48:34'),(91,91,91,6,'1985-09-26 18:14:07','2019-06-19 02:13:42'),(92,92,92,2,'2005-04-09 02:06:49','1985-01-02 16:54:07'),(93,93,93,1,'1991-07-23 22:34:00','1983-06-26 02:19:00'),(94,94,94,7,'1987-05-05 13:13:30','1996-04-16 12:29:33'),(95,95,95,8,'2010-02-08 23:04:10','2010-06-21 15:39:48'),(96,96,96,2,'2009-04-02 05:14:04','2015-03-01 02:14:04'),(97,97,97,2,'1995-12-21 04:59:23','1995-05-07 19:18:32'),(98,98,98,3,'2010-11-09 07:55:51','1970-09-01 05:33:32'),(99,99,99,3,'1983-07-03 04:06:31','2019-06-11 21:02:17'),(100,100,100,5,'1970-09-04 09:46:42','2014-01-25 16:05:37');
/*!40000 ALTER TABLE `orders_products` ENABLE KEYS */;
UNLOCK TABLES;

--
-- Table structure for table `products`
--

DROP TABLE IF EXISTS `products`;
/*!40101 SET @saved_cs_client     = @@character_set_client */;
/*!40101 SET character_set_client = utf8 */;
CREATE TABLE `products` (
  `id` bigint(20) unsigned NOT NULL AUTO_INCREMENT,
  `name` varchar(255) COLLATE utf8_unicode_ci DEFAULT NULL COMMENT 'Название',
  `desription` text COLLATE utf8_unicode_ci DEFAULT NULL COMMENT 'Описание',
  `price` decimal(11,2) DEFAULT NULL COMMENT 'Цена',
  `catalog_id` int(10) unsigned DEFAULT NULL,
  `created_at` datetime DEFAULT current_timestamp(),
  `updated_at` datetime DEFAULT current_timestamp() ON UPDATE current_timestamp(),
  PRIMARY KEY (`id`),
  KEY `index_of_catalog_id` (`catalog_id`)
) ENGINE=InnoDB AUTO_INCREMENT=101 DEFAULT CHARSET=utf8 COLLATE=utf8_unicode_ci COMMENT='Товарные позиции';
/*!40101 SET character_set_client = @saved_cs_client */;

--
-- Dumping data for table `products`
--

LOCK TABLES `products` WRITE;
/*!40000 ALTER TABLE `products` DISABLE KEYS */;
INSERT INTO `products` VALUES (1,'aliquid','Then came a little timidly: \'but it\'s no use now,\' thought Alice, \'shall I NEVER get any older than I am now? That\'ll be a person of authority among them, called out, \'First witness!\' The first.',11903.72,1,'1989-10-02 10:24:00','2010-06-04 19:28:21'),(2,'commodi','Queen. \'Well, I hardly know--No more, thank ye; I\'m better now--but I\'m a hatter.\' Here the other birds tittered audibly. \'What I was going to be, from one foot up the chimney, has he?\' said Alice a.',17621141.68,2,'1988-02-14 03:36:40','2019-09-21 09:43:38'),(3,'et','Queen. \'Sentence first--verdict afterwards.\' \'Stuff and nonsense!\' said Alice indignantly. \'Let me alone!\' \'Serpent, I say again!\' repeated the Pigeon, raising its voice to its feet, ran round the.',592625136.00,3,'1971-04-29 06:45:44','1994-04-18 14:59:24'),(4,'aut','Duchess: you\'d better finish the story for yourself.\' \'No, please go on!\' Alice said to itself in a low curtain she had got burnt, and eaten up by two guinea-pigs, who were lying round the rosetree;.',1198501.09,4,'1989-05-09 03:54:19','1994-07-28 09:13:44'),(5,'quidem','KNOW IT TO BE TRUE--\" that\'s the jury, who instantly made a dreadfully ugly child: but it said nothing. \'When we were little,\' the Mock Turtle replied; \'and then the Mock Turtle yet?\' \'No,\' said.',146961673.70,5,'1978-06-03 00:54:20','1978-05-21 21:59:47'),(6,'a','Majesty?\' he asked. \'Begin at the stick, and made believe to worry it; then Alice dodged behind a great hurry to change the subject of conversation. While she was to find that her neck would bend.',0.00,6,'2009-07-18 21:28:32','1998-11-02 08:58:48'),(7,'eos','I do it again and again.\' \'You are old,\' said the Cat. \'I said pig,\' replied Alice; \'and I wish I hadn\'t cried so much!\' said Alice, swallowing down her flamingo, and began staring at the Hatter,.',0.00,7,'1990-11-17 22:52:16','1997-05-03 06:54:20'),(8,'quia','I meant,\' the King in a whisper, half afraid that it was an immense length of neck, which seemed to be sure, this generally happens when you come to the whiting,\' said the Gryphon. \'--you advance.',12814380.76,8,'1984-11-11 18:09:44','2013-05-16 23:37:09'),(9,'nemo','Caterpillar, and the beak-- Pray how did you manage to do THAT in a minute. Alice began to get hold of its voice. \'Back to land again, and did not like the three gardeners, oblong and flat, with.',1.60,9,'1980-05-20 17:51:07','2013-02-10 22:16:33'),(10,'cupiditate','Hatter. He had been looking over his shoulder with some curiosity. \'What a curious plan!\' exclaimed Alice. \'That\'s the first verse,\' said the Duchess, \'as pigs have to beat them off, and Alice was.',152980.15,10,'1977-01-23 08:54:56','1973-10-02 17:09:26'),(11,'velit','Queen\'s ears--\' the Rabbit angrily. \'Here! Come and help me out of the court. \'What do you know the song, perhaps?\' \'I\'ve heard something splashing about in the way out of sight, they were nice.',35.72,11,'1974-10-23 15:21:00','1991-11-09 20:19:37'),(12,'tenetur','Alice. \'And be quick about it,\' said the Footman. \'That\'s the most interesting, and perhaps as this is May it won\'t be raving mad after all! I almost wish I\'d gone to see anything; then she noticed.',46256.05,12,'1998-12-02 06:54:50','2015-10-22 20:15:28'),(13,'vitae','Caterpillar. \'I\'m afraid I am, sir,\' said Alice; \'I might as well go in ringlets at all; and I\'m sure _I_ shan\'t be able! I shall have somebody to talk nonsense. The Queen\'s argument was, that she.',795048.17,13,'1972-04-23 23:58:11','2009-11-30 16:59:54'),(14,'rem','I wonder if I like being that person, I\'ll come up: if not, I\'ll stay down here! It\'ll be no chance of getting up and said, \'It was much pleasanter at home,\' thought poor Alice, that she hardly knew.',163810.14,14,'2008-06-30 01:55:02','1975-06-21 00:13:07'),(15,'ea','Majesty!\' the soldiers shouted in reply. \'Idiot!\' said the Hatter; \'so I can\'t put it more clearly,\' Alice replied eagerly, for she was nine feet high. \'Whoever lives there,\' thought Alice, \'they\'re.',218145485.00,15,'2018-03-19 17:57:07','2012-04-27 15:54:24'),(16,'corrupti','Mary Ann, and be turned out of the goldfish kept running in her own ears for having missed their turns, and she walked off, leaving Alice alone with the words don\'t FIT you,\' said Alice, in a minute.',83274613.00,16,'2012-09-11 16:37:42','2001-04-26 01:14:58'),(17,'cumque','MYSELF, I\'m afraid, but you might do very well without--Maybe it\'s always pepper that had slipped in like herself. \'Would it be of very little use, as it turned round and round Alice, every now and.',3557.00,17,'1976-08-25 04:15:28','1979-12-27 23:16:48'),(18,'fugit','Dormouse. \'Don\'t talk nonsense,\' said Alice a little girl,\' said Alice, \'a great girl like you,\' (she might well say this), \'to go on till you come and join the dance. So they couldn\'t get them out.',214082084.85,18,'2010-01-21 11:44:49','1982-11-13 12:15:46'),(19,'architecto','Alice, \'a great girl like you,\' (she might well say this), \'to go on in the middle. Alice kept her eyes anxiously fixed on it, and they went up to her very earnestly, \'Now, Dinah, tell me your.',7533963.60,19,'1998-07-07 12:57:03','2000-03-26 09:19:43'),(20,'expedita','When the pie was all finished, the Owl, as a boon, Was kindly permitted to pocket the spoon: While the Panther were sharing a pie--\' [later editions continued as follows When the procession moved.',340.10,20,'1999-09-18 02:20:03','1980-03-20 10:08:20'),(21,'tempore','Gryphon. \'Do you know about it, so she went out, but it puzzled her too much, so she waited. The Gryphon sat up and saying, \'Thank you, sir, for your interesting story,\' but she did not seem to see.',125362353.22,21,'1987-07-12 21:36:56','1998-09-30 21:57:12'),(22,'fugit','Dormouse is asleep again,\' said the King, and the m--\' But here, to Alice\'s great surprise, the Duchess\'s cook. She carried the pepper-box in her own child-life, and the party sat silent and looked.',175.02,22,'1999-10-07 18:09:25','2001-03-21 20:34:31'),(23,'perferendis','I know!\' exclaimed Alice, who felt very lonely and low-spirited. In a minute or two, looking for eggs, I know THAT well enough; don\'t be nervous, or I\'ll kick you down stairs!\' \'That is not said.',26877732.83,23,'1998-07-30 00:13:15','2012-05-06 09:08:54'),(24,'numquam','WOULD not remember ever having seen such a dear little puppy it was!\' said Alice, who was trembling down to nine inches high. CHAPTER VI. Pig and Pepper For a minute or two she walked down the.',397.00,24,'2005-07-14 14:46:12','2008-08-07 17:04:57'),(25,'doloremque','There was nothing else to do, and perhaps after all it might happen any minute, \'and then,\' thought Alice, \'and if it had VERY long claws and a sad tale!\' said the Hatter. He had been looking over.',232286.75,25,'2014-09-28 15:56:33','1982-12-11 14:31:40'),(26,'neque','Alice. \'Oh, don\'t bother ME,\' said the Caterpillar. Here was another long passage, and the procession came opposite to Alice, very much of it altogether; but after a fashion, and this he handed over.',330134881.70,26,'2016-05-19 12:35:20','1989-09-17 03:59:41'),(27,'esse','The Hatter opened his eyes. He looked anxiously round, to make out what it might injure the brain; But, now that I\'m perfectly sure I can\'t be civil, you\'d better finish the story for yourself.\'.',2587.00,27,'2016-08-28 06:41:15','2019-04-25 10:53:20'),(28,'similique','Alice; \'I might as well as I get SOMEWHERE,\' Alice added as an explanation; \'I\'ve none of YOUR business, Two!\' said Seven. \'Yes, it IS his business!\' said Five, in a wondering tone. \'Why, what a.',5.69,28,'2013-03-31 07:12:18','2011-08-06 10:10:56'),(29,'porro','BEST butter, you know.\' He was looking at the stick, running a very curious thing, and longed to get out again. The rabbit-hole went straight on like a snout than a real Turtle.\' These words were.',3517.20,29,'2010-05-30 01:45:54','2003-12-19 16:18:57'),(30,'eum','Alice. \'That\'s very curious!\' she thought. \'I must be Mabel after all, and I never understood what it meant till now.\' \'If that\'s all you know why it\'s called a whiting?\' \'I never was so ordered.',452.00,30,'2007-07-01 18:44:23','2010-01-10 14:05:37'),(31,'molestias','I had it written up somewhere.\' Down, down, down. There was a little glass table. \'Now, I\'ll manage better this time,\' she said, \'and see whether it\'s marked \"poison\" or not\'; for she had not long.',1074534.66,31,'1978-06-07 08:16:45','1987-02-11 07:03:06'),(32,'rem','It was all finished, the Owl, as a drawing of a tree. By the time at the window.\' \'THAT you won\'t\' thought Alice, as she was talking. Alice could hardly hear the words:-- \'I speak severely to my.',43.39,32,'1975-02-14 01:11:22','1982-05-28 16:12:14'),(33,'in','Duchess, the Duchess! Oh! won\'t she be savage if I\'ve kept her eyes to see some meaning in it,\' but none of my own. I\'m a hatter.\' Here the other side of the words a little, and then all the time at.',122140159.00,33,'2018-02-25 09:14:09','2019-03-29 17:01:48'),(34,'cupiditate','She had quite forgotten the little golden key was lying on their hands and feet, to make ONE respectable person!\' Soon her eye fell on a three-legged stool in the wind, and the bright eager eyes.',1.51,34,'1996-09-28 09:44:28','2017-09-02 02:55:16'),(35,'praesentium','You see the Queen. \'Well, I hardly know--No more, thank ye; I\'m better now--but I\'m a hatter.\' Here the Dormouse turned out, and, by the carrier,\' she thought; \'and how funny it\'ll seem to encourage.',619070.82,35,'1988-08-19 20:42:28','2005-04-01 06:42:52'),(36,'nemo','Queen left off, quite out of sight. Alice remained looking thoughtfully at the other was sitting on the floor, as it turned round and round the hall, but they were all shaped like the three.',1129.00,36,'1996-12-06 16:41:30','2013-08-07 16:43:27'),(37,'id','Mock Turtle, and said anxiously to herself, \'Why, they\'re only a child!\' The Queen turned crimson with fury, and, after glaring at her own courage. \'It\'s no business there, at any rate, there\'s no.',202737774.40,37,'2003-07-08 00:05:58','1998-06-13 10:43:56'),(38,'distinctio','King, \'or I\'ll have you executed on the other side of WHAT?\' thought Alice; \'only, as it\'s asleep, I suppose it were white, but there was silence for some time with the game,\' the Queen till she was.',442255560.85,38,'1997-02-23 03:02:10','2018-09-23 22:06:25'),(39,'molestiae','Hatter: and in his sleep, \'that \"I breathe when I got up and said, without even looking round. \'I\'ll fetch the executioner myself,\' said the Gryphon: and Alice was so much contradicted in her life;.',879.25,39,'1975-05-18 06:00:30','2015-08-07 07:00:37'),(40,'sunt','Seven flung down his brush, and had just begun to dream that she did not look at me like a thunderstorm. \'A fine day, your Majesty!\' the Duchess sang the second verse of the March Hare, \'that \"I.',3.51,40,'1976-06-29 14:48:46','1996-01-15 07:52:00'),(41,'quis','Presently she began nursing her child again, singing a sort of idea that they had a wink of sleep these three little sisters,\' the Dormouse began in a minute. Alice began to cry again, for this time.',22583.45,41,'1992-09-25 03:28:34','2005-07-09 04:18:05'),(42,'laborum','WHAT?\' thought Alice; \'only, as it\'s asleep, I suppose Dinah\'ll be sending me on messages next!\' And she began thinking over other children she knew that it was sneezing on the English coast you.',596.65,42,'1986-06-03 06:29:31','1999-08-23 02:59:42'),(43,'non','Dormouse crossed the court, she said this, she came suddenly upon an open place, with a T!\' said the Dodo, pointing to Alice as he spoke. \'UNimportant, of course, Alice could hardly hear the Rabbit.',0.00,43,'2018-03-23 12:00:17','2006-12-16 00:42:00'),(44,'nulla','Gryphon. \'Turn a somersault in the wood, \'is to grow up any more HERE.\' \'But then,\' thought she, \'if people had all to lie down upon her: she gave a little shriek, and went to work at once without.',1.70,44,'1977-02-25 19:35:02','1985-09-26 08:36:16'),(45,'doloribus','But she went back for a long sleep you\'ve had!\' \'Oh, I\'ve had such a simple question,\' added the Gryphon, \'she wants for to know your history, she do.\' \'I\'ll tell it her,\' said the Cat. \'I\'d nearly.',5.46,45,'1975-06-03 21:38:29','1972-06-19 11:38:24'),(46,'harum','Mock Turtle. \'Very much indeed,\' said Alice. \'Then it ought to have it explained,\' said the Gryphon. \'Do you know what you were INSIDE, you might knock, and I shall never get to twenty at that rate!.',757439.42,46,'1985-05-06 22:46:05','2012-03-17 08:27:28'),(47,'hic','Alice remarked. \'Right, as usual,\' said the Queen, who was talking. \'How CAN I have ordered\'; and she trembled till she was out of the sea.\' \'I couldn\'t afford to learn it.\' said the March Hare,.',911.12,47,'2000-05-29 13:05:13','1977-10-07 20:55:49'),(48,'inventore','Suppress him! Pinch him! Off with his head!\' she said, \'and see whether it\'s marked \"poison\" or not\'; for she had asked it aloud; and in his throat,\' said the Duchess, it had lost something; and she.',0.00,48,'1977-06-28 16:09:42','1980-11-18 19:24:32'),(49,'quae','Gryphon went on, \'--likely to win, that it\'s hardly worth while finishing the game.\' The Queen had ordered. They very soon came to ME, and told me he was speaking, so that they couldn\'t see it?\' So.',89710.50,49,'2016-04-14 17:05:15','2010-08-28 18:46:58'),(50,'omnis','Alice dear!\' said her sister; \'Why, what a wonderful dream it had come to the game. CHAPTER IX. The Mock Turtle said: \'no wise fish would go anywhere without a moment\'s pause. The only things in the.',87.69,50,'2003-12-26 07:24:01','1979-03-18 05:14:23'),(51,'molestias','Alice. \'Did you say \"What a pity!\"?\' the Rabbit came near her, she began, in rather a complaining tone, \'and they all looked puzzled.) \'He must have been a RED rose-tree, and we won\'t talk about.',0.00,51,'1999-09-11 07:44:26','1972-10-03 00:55:09'),(52,'architecto','Alice; \'I daresay it\'s a French mouse, come over with William the Conqueror.\' (For, with all speed back to yesterday, because I was a good many little girls eat eggs quite as safe to stay with it as.',0.00,52,'1970-02-10 14:18:07','1986-05-18 13:30:08'),(53,'voluptatem','Will you, won\'t you, will you, won\'t you, will you join the dance? \"You can really have no notion how delightful it will be the use of repeating all that green stuff be?\' said Alice. \'Why, SHE,\'.',0.00,53,'2009-07-12 14:57:37','2002-08-19 03:34:10'),(54,'vel','I\'m mad. You\'re mad.\' \'How do you know the way I want to go! Let me see: four times seven is--oh dear! I wish you were me?\' \'Well, perhaps you haven\'t found it advisable--\"\' \'Found WHAT?\' said the.',0.00,54,'1999-01-31 01:50:45','2005-09-29 08:02:36'),(55,'nulla','Alice remarked. \'Right, as usual,\' said the Hatter. \'You MUST remember,\' remarked the King, \'that saves a world of trouble, you know, with oh, such long curly brown hair! And it\'ll fetch things when.',632190.70,55,'2003-05-06 10:51:03','2016-09-16 03:42:02'),(56,'assumenda','And she thought there was no one to listen to me! When I used to come upon them THIS size: why, I should have croqueted the Queen\'s ears--\' the Rabbit say, \'A barrowful will do, to begin at HIS time.',2.98,56,'2017-01-14 04:42:29','1970-11-28 13:09:52'),(57,'numquam','THAT direction,\' waving the other end of trials, \"There was some attempts at applause, which was full of the e--e--evening, Beautiful, beautiful Soup!\' CHAPTER XI. Who Stole the Tarts? The King.',1.20,57,'1980-03-05 19:11:50','1978-10-14 19:10:39'),(58,'facilis','I think you\'d better leave off,\' said the Queen, who was reading the list of the trees under which she concluded that it was an immense length of neck, which seemed to be managed? I suppose it.',7617168.21,58,'1975-10-01 14:56:19','1970-06-18 05:57:34'),(59,'non','The Duchess took her choice, and was going to begin with,\' said the Dormouse crossed the court, she said to herself in a low, weak voice. \'Now, I give you fair warning,\' shouted the Queen. \'I never.',7427363.71,59,'2007-05-06 10:00:26','1997-11-05 18:00:28'),(60,'mollitia','Hatter, \'when the Queen added to one of the month, and doesn\'t tell what o\'clock it is!\' \'Why should it?\' muttered the Hatter. \'You might just as she could not taste theirs, and the cool fountains..',131886.67,60,'2001-03-31 22:34:14','2012-11-18 21:08:52'),(61,'molestiae','Caterpillar decidedly, and there she saw maps and pictures hung upon pegs. She took down a large arm-chair at one end of the gloves, and was going a journey, I should think!\' (Dinah was the first to.',485.83,61,'2010-09-18 04:21:47','1974-08-05 07:17:36'),(62,'saepe','Alice; \'I must be growing small again.\' She got up very sulkily and crossed over to herself, \'after such a dear little puppy it was!\' said Alice, \'but I know all sorts of little Alice and all would.',2203129.69,62,'2017-02-26 11:05:12','1996-10-30 13:27:12'),(63,'velit','I\'m somebody else\"--but, oh dear!\' cried Alice (she was rather glad there WAS no one else seemed inclined to say when I sleep\" is the capital of Rome, and Rome--no, THAT\'S all wrong, I\'m certain! I.',429.38,63,'2018-10-26 14:39:49','1981-07-31 20:55:00'),(64,'dolorem','I shall never get to the porpoise, \"Keep back, please: we don\'t want to get out again. That\'s all.\' \'Thank you,\' said the Queen. \'Their heads are gone, if it please your Majesty?\' he asked. \'Begin.',227005.39,64,'2006-01-22 09:00:23','2015-01-12 16:52:21'),(65,'magni','March Hare. \'He denies it,\' said the Queen. \'Sentence first--verdict afterwards.\' \'Stuff and nonsense!\' said Alice to herself, \'Why, they\'re only a pack of cards!\' At this moment the King, and the.',35.04,65,'2012-11-29 06:49:30','1970-08-06 04:30:18'),(66,'labore','It was the Rabbit coming to look for her, and she put one arm out of that is--\"Birds of a candle is like after the candle is like after the candle is blown out, for she could not taste theirs, and.',81456.00,66,'2015-09-05 20:53:30','1975-04-16 18:52:46'),(67,'asperiores','Hatter said, turning to the Cheshire Cat: now I shall never get to twenty at that rate! However, the Multiplication Table doesn\'t signify: let\'s try Geography. London is the capital of Paris, and.',29938480.00,67,'2001-01-29 10:22:43','1978-07-02 15:21:30'),(68,'nesciunt','Hatter said, turning to Alice, that she wasn\'t a bit of stick, and tumbled head over heels in its hurry to change them--\' when she turned the corner, but the Dormouse indignantly. However, he.',0.00,68,'2002-11-30 15:53:07','2016-02-21 06:00:33'),(69,'corrupti','I am, sir,\' said Alice; \'it\'s laid for a minute or two, she made it out to sea as you might like to hear it say, as it went, as if he wasn\'t going to happen next. The first thing I\'ve got to?\'.',2020.75,69,'2007-08-29 04:43:54','1986-10-05 16:31:26'),(70,'molestiae','Alice looked round, eager to see it written up somewhere.\' Down, down, down. Would the fall was over. Alice was beginning to think about stopping herself before she made out the Fish-Footman was.',52649283.26,70,'2002-11-14 12:28:34','2018-12-12 12:18:45'),(71,'aut','I should think it was,\' said the King: \'however, it may kiss my hand if it makes me grow larger, I can do no more, whatever happens. What WILL become of me? They\'re dreadfully fond of beheading.',40185447.70,71,'1986-08-04 18:47:10','1979-09-26 01:34:47'),(72,'nulla','Dormouse go on with the lobsters, out to the seaside once in a deep sigh, \'I was a bright idea came into her face. \'Very,\' said Alice: \'besides, that\'s not a moment to be no sort of mixed flavour of.',0.08,72,'2000-05-17 08:49:24','1998-01-03 14:01:29'),(73,'quo','The door led right into a pig,\' Alice quietly said, just as if his heart would break. She pitied him deeply. \'What is his sorrow?\' she asked the Gryphon, sighing in his turn; and both footmen, Alice.',36.10,73,'1981-08-08 01:02:26','2015-12-06 00:45:18'),(74,'provident','Alice. \'Why, there they lay sprawling about, reminding her very earnestly, \'Now, Dinah, tell me your history, she do.\' \'I\'ll tell it her,\' said the Gryphon, and the little passage: and THEN--she.',58.53,74,'2009-12-30 18:50:06','2018-07-30 21:37:29'),(75,'placeat','Rabbit began. Alice thought this a very deep well. Either the well was very uncomfortable, and, as the Caterpillar seemed to be beheaded!\' \'What for?\' said the Caterpillar called after her. \'I\'ve.',24000.65,75,'1973-02-24 03:55:33','1973-02-21 00:53:57'),(76,'autem','Edwin and Morcar, the earls of Mercia and Northumbria--\"\' \'Ugh!\' said the Duchess, as she could not join the dance?\"\' \'Thank you, it\'s a French mouse, come over with diamonds, and walked a little.',3951209.56,76,'1985-05-09 04:35:54','1975-03-13 18:00:39'),(77,'ut','I THINK; or is it twelve? I--\' \'Oh, don\'t bother ME,\' said the Duchess; \'and that\'s the jury, in a coaxing tone, and everybody else. \'Leave off that!\' screamed the Gryphon. \'It all came different!\'.',844.33,77,'1993-09-16 13:41:11','1970-09-26 16:34:11'),(78,'voluptates','MINE,\' said the Mock Turtle sighed deeply, and began, in a great crash, as if it likes.\' \'I\'d rather not,\' the Cat said, waving its right paw round, \'lives a Hatter: and in despair she put one arm.',179884.66,78,'1981-07-13 10:52:09','1975-02-14 15:14:52'),(79,'natus','He sent them word I had not noticed before, and she jumped up on tiptoe, and peeped over the list, feeling very glad that it is!\' As she said to herself; \'I should think very likely true.) Down,.',3125.60,79,'1976-02-25 08:20:40','1979-07-31 01:16:52'),(80,'quia','PLEASE mind what you\'re talking about,\' said Alice. \'Why, SHE,\' said the Caterpillar seemed to be no chance of her voice. Nobody moved. \'Who cares for you?\' said the Gryphon: and it sat for a minute.',57977.34,80,'2011-08-09 21:59:47','2010-12-30 01:51:06'),(81,'consequuntur','King said to herself, and once again the tiny hands were clasped upon her face. \'Very,\' said Alice: \'she\'s so extremely--\' Just then her head to hide a smile: some of YOUR adventures.\' \'I could tell.',0.86,81,'1981-06-17 05:17:46','2004-07-23 03:49:32'),(82,'est','Alice, very loudly and decidedly, and he went on, spreading out the words: \'Where\'s the other side of the month is it?\' Alice panted as she could, for the White Rabbit, \'but it doesn\'t understand.',152033658.91,82,'2012-07-29 10:37:31','1996-05-01 11:51:59'),(83,'minima','I\'m a hatter.\' Here the other was sitting on a three-legged stool in the house, quite forgetting that she was not even room for YOU, and no more to do that,\' said the Caterpillar. \'I\'m afraid I.',481.08,83,'2010-08-31 01:50:14','2005-08-29 04:23:15'),(84,'nam','Majesty,\' said Alice to herself, \'in my going out altogether, like a mouse, That he met in the sea!\' cried the Gryphon, \'that they WOULD go with the Queen,\' and she felt unhappy. \'It was the White.',0.00,84,'1975-12-22 11:11:26','1993-12-31 22:07:30'),(85,'alias','Gryphon: and Alice could speak again. In a minute or two, she made some tarts, All on a three-legged stool in the wind, and the sound of many footsteps, and Alice could see it quite plainly through.',82990700.59,85,'1991-07-29 17:50:27','1998-09-08 21:30:28'),(86,'culpa','Stigand, the patriotic archbishop of Canterbury, found it very much,\' said Alice; \'you needn\'t be so easily offended!\' \'You\'ll get used to come before that!\' \'Call the next witness was the Hatter..',91937872.33,86,'2006-08-31 22:41:38','2002-10-15 16:37:16'),(87,'sed','Alice. \'Off with their fur clinging close to them, and it\'ll sit up and walking off to the table, but it puzzled her too much, so she began fancying the sort of way, \'Do cats eat bats, I wonder?\' As.',16.93,87,'1979-08-25 08:57:01','2012-02-07 15:48:19'),(88,'sed','She took down a large pigeon had flown into her head. \'If I eat one of them.\' In another minute the whole thing, and she walked sadly down the bottle, she found it advisable--\"\' \'Found WHAT?\' said.',330905723.23,88,'2002-01-22 08:21:39','2013-04-26 19:25:17'),(89,'et','ME\' were beautifully marked in currants. \'Well, I\'ll eat it,\' said Alice. \'Call it what you had been anything near the right thing to eat or drink anything; so I\'ll just see what was coming. It was.',15901671.83,89,'1983-02-17 20:35:52','1975-06-25 21:12:50'),(90,'inventore','White Rabbit put on his flappers, \'--Mystery, ancient and modern, with Seaography: then Drawling--the Drawling-master was an old conger-eel, that used to it in her hands, and began:-- \'You are old,\'.',343596075.09,90,'1997-01-22 08:29:34','2011-06-16 15:52:11'),(91,'eius','At this moment Five, who had meanwhile been examining the roses. \'Off with her head!\' Alice glanced rather anxiously at the Duchess sneezed occasionally; and as it can be,\' said the voice. \'Fetch me.',124.75,91,'1973-08-24 06:35:27','1993-05-06 18:57:57'),(92,'impedit','Gryphon. \'We can do no more, whatever happens. What WILL become of me? They\'re dreadfully fond of pretending to be rude, so she took courage, and went by without noticing her. Then followed the.',10175117.76,92,'2008-04-02 13:27:33','2019-07-29 18:04:44'),(93,'nihil','When I used to know. Let me see: I\'ll give them a new idea to Alice, and she had caught the flamingo and brought it back, the fight was over, and both creatures hid their faces in their paws. \'And.',10031.00,93,'2006-04-06 00:28:26','2011-07-26 17:21:11'),(94,'in','King; and the Panther received knife and fork with a large kitchen, which was full of smoke from one minute to another! However, I\'ve got to the Gryphon. \'Turn a somersault in the grass, merely.',93.48,94,'1988-07-08 00:39:21','2014-03-28 19:10:28'),(95,'esse','Queen had only one way up as the rest of the court. All this time with one eye, How the Owl and the little golden key in the kitchen that did not quite sure whether it was addressed to the heads of.',1.31,95,'2018-03-19 21:32:34','2000-10-16 10:47:24'),(96,'at','So they had been anxiously looking across the field after it, never once considering how in the wood,\' continued the Hatter, and, just as she went nearer to watch them, and considered a little bird.',0.00,96,'2010-11-09 08:43:42','1998-02-01 18:58:22'),(97,'et','Hatter, who turned pale and fidgeted. \'Give your evidence,\' the King hastily said, and went on again:-- \'I didn\'t know that cats COULD grin.\' \'They all can,\' said the Cat; and this was the same as.',14.43,97,'1994-09-05 20:10:53','1996-08-24 18:55:38'),(98,'occaecati','White Rabbit blew three blasts on the door of the guinea-pigs cheered, and was going off into a cucumber-frame, or something of the legs of the wood--(she considered him to you, Though they were.',3492.86,98,'2004-01-29 19:05:08','2019-01-07 10:20:08'),(99,'magni','Hatter hurriedly left the court, without even looking round. \'I\'ll fetch the executioner myself,\' said the March Hare said to Alice; and Alice could bear: she got up, and began an account of the.',1267.33,99,'1981-06-04 09:10:14','1997-05-15 06:51:25'),(100,'dolorum','I shall see it pop down a jar from one foot up the other, saying, in a whisper.) \'That would be QUITE as much as she could, for the end of the gloves, and she at once to eat her up in great fear.',841.76,100,'1991-05-16 00:02:06','2011-06-18 12:22:56');
/*!40000 ALTER TABLE `products` ENABLE KEYS */;
UNLOCK TABLES;

--
-- Table structure for table `rubrics`
--

DROP TABLE IF EXISTS `rubrics`;
/*!40101 SET @saved_cs_client     = @@character_set_client */;
/*!40101 SET character_set_client = utf8 */;
CREATE TABLE `rubrics` (
  `id` bigint(20) unsigned NOT NULL AUTO_INCREMENT,
  `name` varchar(255) COLLATE utf8_unicode_ci DEFAULT NULL COMMENT 'Название раздела',
  PRIMARY KEY (`id`)
) ENGINE=InnoDB AUTO_INCREMENT=101 DEFAULT CHARSET=utf8 COLLATE=utf8_unicode_ci COMMENT='Разделы интернет-магазина';
/*!40101 SET character_set_client = @saved_cs_client */;

--
-- Dumping data for table `rubrics`
--

LOCK TABLES `rubrics` WRITE;
/*!40000 ALTER TABLE `rubrics` DISABLE KEYS */;
INSERT INTO `rubrics` VALUES (1,'harum'),(2,'nemo'),(3,'omnis'),(4,'eos'),(5,'doloribus'),(6,'magni'),(7,'voluptatem'),(8,'inventore'),(9,'non'),(10,'ratione'),(11,'iste'),(12,'aspernatur'),(13,'quos'),(14,'ipsa'),(15,'ut'),(16,'a'),(17,'cum'),(18,'saepe'),(19,'illum'),(20,'voluptas'),(21,'expedita'),(22,'aperiam'),(23,'odio'),(24,'modi'),(25,'qui'),(26,'nihil'),(27,'qui'),(28,'vel'),(29,'qui'),(30,'rerum'),(31,'sed'),(32,'voluptatibus'),(33,'magni'),(34,'veritatis'),(35,'earum'),(36,'suscipit'),(37,'enim'),(38,'nobis'),(39,'corporis'),(40,'sed'),(41,'nesciunt'),(42,'aut'),(43,'voluptate'),(44,'hic'),(45,'officia'),(46,'qui'),(47,'accusantium'),(48,'soluta'),(49,'accusamus'),(50,'dolores'),(51,'aliquam'),(52,'illum'),(53,'voluptas'),(54,'modi'),(55,'dolorum'),(56,'eveniet'),(57,'est'),(58,'aliquid'),(59,'pariatur'),(60,'veniam'),(61,'pariatur'),(62,'veritatis'),(63,'quisquam'),(64,'qui'),(65,'blanditiis'),(66,'est'),(67,'ut'),(68,'ipsum'),(69,'quia'),(70,'dolorem'),(71,'quas'),(72,'labore'),(73,'exercitationem'),(74,'necessitatibus'),(75,'sit'),(76,'tempore'),(77,'sint'),(78,'sed'),(79,'eum'),(80,'molestiae'),(81,'id'),(82,'ea'),(83,'laudantium'),(84,'et'),(85,'quam'),(86,'quibusdam'),(87,'laboriosam'),(88,'deleniti'),(89,'praesentium'),(90,'ex'),(91,'quas'),(92,'iure'),(93,'numquam'),(94,'nostrum'),(95,'non'),(96,'voluptates'),(97,'veritatis'),(98,'maxime'),(99,'magnam'),(100,'perspiciatis');
/*!40000 ALTER TABLE `rubrics` ENABLE KEYS */;
UNLOCK TABLES;

--
-- Table structure for table `storehouses`
--

DROP TABLE IF EXISTS `storehouses`;
/*!40101 SET @saved_cs_client     = @@character_set_client */;
/*!40101 SET character_set_client = utf8 */;
CREATE TABLE `storehouses` (
  `id` bigint(20) unsigned NOT NULL AUTO_INCREMENT,
  `name` varchar(255) COLLATE utf8_unicode_ci DEFAULT NULL COMMENT 'Название',
  `created_at` datetime DEFAULT current_timestamp(),
  `updated_at` datetime DEFAULT current_timestamp() ON UPDATE current_timestamp(),
  PRIMARY KEY (`id`)
) ENGINE=InnoDB AUTO_INCREMENT=101 DEFAULT CHARSET=utf8 COLLATE=utf8_unicode_ci COMMENT='Склады';
/*!40101 SET character_set_client = @saved_cs_client */;

--
-- Dumping data for table `storehouses`
--

LOCK TABLES `storehouses` WRITE;
/*!40000 ALTER TABLE `storehouses` DISABLE KEYS */;
INSERT INTO `storehouses` VALUES (1,'quis','2007-03-08 01:16:54','2011-08-01 10:38:22'),(2,'veniam','1983-08-03 15:47:05','1978-06-15 03:04:48'),(3,'aut','2007-09-18 16:04:16','1970-05-05 19:20:51'),(4,'voluptatem','1992-08-12 10:42:38','1986-05-27 04:33:23'),(5,'voluptatem','1973-02-01 20:25:43','2016-04-18 13:21:17'),(6,'ad','2015-02-18 22:28:34','2013-08-02 20:20:23'),(7,'a','1989-10-23 14:35:15','1994-06-26 04:30:49'),(8,'nulla','1980-10-11 16:09:39','2000-06-02 16:02:02'),(9,'omnis','1971-10-04 12:44:53','2017-10-04 15:10:41'),(10,'dolores','2002-11-26 15:50:56','1976-11-03 14:03:27'),(11,'illo','1991-12-13 00:17:25','2002-04-23 00:25:41'),(12,'et','2010-03-21 09:34:03','2002-05-17 20:29:14'),(13,'voluptas','1992-02-24 19:47:20','1980-05-23 23:35:34'),(14,'vero','2008-07-09 03:20:08','2011-01-27 17:39:41'),(15,'nihil','1985-02-16 09:40:09','1979-12-03 12:25:48'),(16,'expedita','2011-12-09 21:28:55','2009-12-14 14:38:12'),(17,'et','1973-05-21 08:29:48','1999-07-06 02:24:46'),(18,'qui','1995-01-23 19:45:28','1987-08-14 06:00:39'),(19,'distinctio','2014-07-17 19:46:23','2009-11-15 20:25:57'),(20,'odio','1972-02-13 23:32:09','1994-02-09 01:18:29'),(21,'quas','1996-05-28 17:35:15','1990-05-04 17:13:38'),(22,'atque','2016-05-04 16:52:39','2003-05-16 11:05:33'),(23,'est','2000-08-12 14:33:27','1999-03-15 15:23:54'),(24,'dolorem','1987-01-11 14:20:08','2011-09-30 21:37:30'),(25,'aspernatur','1976-06-18 09:16:35','1992-01-23 18:00:41'),(26,'est','1981-04-24 11:35:16','1971-09-27 04:15:20'),(27,'voluptatibus','2017-04-11 04:36:18','1981-09-03 10:42:12'),(28,'et','1990-06-30 06:57:42','2006-09-03 19:08:12'),(29,'enim','1983-09-14 17:46:13','1999-04-03 15:26:36'),(30,'provident','1994-03-24 18:08:39','2019-03-30 10:54:05'),(31,'sit','1983-08-08 01:33:17','1990-12-14 04:28:51'),(32,'ut','2006-10-24 19:36:37','1973-06-29 11:42:49'),(33,'fugit','1987-03-01 18:44:04','1990-12-14 19:58:01'),(34,'mollitia','2005-01-13 19:49:21','1970-12-05 02:15:56'),(35,'consequatur','1983-06-28 13:07:57','2011-01-10 05:26:19'),(36,'dolores','1974-08-28 11:04:02','1972-11-19 05:05:56'),(37,'velit','1987-03-15 23:14:03','1977-03-27 10:59:47'),(38,'omnis','2002-04-21 14:05:33','1971-07-13 14:20:15'),(39,'nostrum','2019-08-02 15:22:56','1991-09-02 06:14:05'),(40,'officia','1988-07-02 23:59:31','1989-01-27 01:20:11'),(41,'quod','1992-07-05 20:52:45','1994-04-20 14:27:24'),(42,'similique','2014-04-19 20:49:50','1985-02-20 15:49:09'),(43,'nostrum','2008-05-16 06:12:23','1982-02-21 02:23:46'),(44,'consequatur','1995-03-31 05:12:29','2001-01-22 04:45:05'),(45,'ut','1977-03-10 01:04:19','2014-01-14 03:06:47'),(46,'nihil','2007-07-17 21:59:35','2000-07-21 03:53:03'),(47,'maiores','2011-11-14 05:34:53','1986-04-08 07:29:18'),(48,'amet','2015-08-07 15:31:44','2001-08-23 18:45:06'),(49,'ullam','1983-02-09 17:24:50','1973-05-04 20:03:35'),(50,'ad','1989-04-03 23:52:42','2011-06-25 14:20:27'),(51,'dolore','1993-02-17 06:05:20','2001-06-18 22:06:31'),(52,'delectus','1980-02-04 04:09:31','2017-08-08 14:47:16'),(53,'fugiat','2015-09-30 23:49:56','1980-05-08 23:22:40'),(54,'ea','1974-07-23 01:49:55','1996-01-10 19:38:55'),(55,'consectetur','1975-04-05 14:00:39','1979-04-16 21:27:38'),(56,'amet','1993-08-24 04:08:50','2006-08-30 00:06:55'),(57,'vitae','1977-10-18 05:44:57','2009-08-02 09:51:36'),(58,'officia','2016-07-27 20:43:12','1998-02-08 19:39:08'),(59,'est','1989-04-13 12:29:54','1995-10-09 09:30:38'),(60,'optio','1970-04-05 15:45:27','1999-02-13 06:44:33'),(61,'aliquid','2014-10-21 09:09:23','1999-12-02 07:55:09'),(62,'totam','2006-05-15 02:41:13','1991-09-26 06:19:05'),(63,'ab','2018-06-20 05:06:56','1993-05-03 05:42:00'),(64,'illum','2002-11-27 04:58:48','1997-06-05 14:50:41'),(65,'facere','1970-06-04 03:50:13','1998-10-11 11:42:37'),(66,'ipsa','2007-06-03 02:45:39','1996-11-28 02:01:31'),(67,'quidem','1976-03-08 12:22:59','2002-02-19 20:33:43'),(68,'iure','2019-06-25 09:53:59','1976-11-20 01:14:32'),(69,'a','1976-08-08 20:00:57','2003-04-14 23:19:47'),(70,'possimus','2013-07-06 22:15:15','1991-03-14 10:16:00'),(71,'voluptatem','1970-01-07 16:32:19','2010-01-05 04:23:34'),(72,'temporibus','1979-12-16 02:36:39','1994-11-06 03:55:12'),(73,'ipsam','1992-12-05 15:06:59','1999-09-17 13:56:29'),(74,'expedita','1976-07-17 00:45:30','2011-04-26 21:04:47'),(75,'alias','2017-06-05 17:01:40','2013-08-06 09:34:07'),(76,'pariatur','2016-08-30 03:48:18','2015-05-21 00:54:46'),(77,'numquam','1986-10-09 10:40:10','2019-02-02 06:20:53'),(78,'sed','1990-01-03 12:37:08','1976-10-10 03:52:09'),(79,'perspiciatis','1976-09-04 20:05:55','1970-08-11 01:23:18'),(80,'consequuntur','2003-10-03 19:37:25','2019-09-11 18:33:29'),(81,'eveniet','1976-11-07 15:16:27','2006-08-03 09:26:51'),(82,'quasi','1988-09-09 14:47:10','2003-11-16 08:05:36'),(83,'et','2013-03-15 00:56:23','2009-09-10 00:56:27'),(84,'dolorem','2003-07-13 03:49:49','2011-11-04 10:31:22'),(85,'alias','1983-07-07 05:04:12','1972-06-12 05:10:19'),(86,'aperiam','2015-03-27 16:52:27','1999-07-30 21:41:10'),(87,'nam','1981-05-26 13:07:35','1971-04-15 08:10:56'),(88,'nemo','1981-12-20 11:37:47','2015-11-20 11:15:04'),(89,'quia','2009-05-19 02:01:48','1985-05-10 04:24:43'),(90,'quod','2001-03-10 07:08:50','1972-11-15 05:58:33'),(91,'occaecati','1973-04-20 22:20:24','1998-02-01 02:11:23'),(92,'velit','2005-04-01 07:27:38','2006-07-31 19:36:30'),(93,'quasi','1982-06-26 03:46:00','1990-10-23 01:37:38'),(94,'officia','1984-06-14 21:36:25','2016-12-07 06:08:23'),(95,'id','1977-12-10 08:06:52','2002-08-10 14:21:26'),(96,'voluptatem','1990-12-08 02:38:21','2005-10-30 08:12:02'),(97,'veniam','2015-03-11 03:01:28','2007-07-25 21:06:45'),(98,'qui','1993-05-28 17:01:45','2014-02-09 13:49:23'),(99,'quam','1990-07-17 12:26:09','2009-01-22 13:03:00'),(100,'id','1973-10-03 02:30:04','2017-05-09 10:27:06');
/*!40000 ALTER TABLE `storehouses` ENABLE KEYS */;
UNLOCK TABLES;

--
-- Table structure for table `storehouses_products`
--

DROP TABLE IF EXISTS `storehouses_products`;
/*!40101 SET @saved_cs_client     = @@character_set_client */;
/*!40101 SET character_set_client = utf8 */;
CREATE TABLE `storehouses_products` (
  `id` bigint(20) unsigned NOT NULL AUTO_INCREMENT,
  `storehouse_id` int(10) unsigned DEFAULT NULL,
  `product_id` int(10) unsigned DEFAULT NULL,
  `value` int(10) unsigned DEFAULT NULL COMMENT 'Запас товарной позиции на складе',
  `created_at` datetime DEFAULT current_timestamp(),
  `updated_at` datetime DEFAULT current_timestamp() ON UPDATE current_timestamp(),
  PRIMARY KEY (`id`)
) ENGINE=InnoDB AUTO_INCREMENT=101 DEFAULT CHARSET=utf8 COLLATE=utf8_unicode_ci COMMENT='Запасы на складе';
/*!40101 SET character_set_client = @saved_cs_client */;

--
-- Dumping data for table `storehouses_products`
--

LOCK TABLES `storehouses_products` WRITE;
/*!40000 ALTER TABLE `storehouses_products` DISABLE KEYS */;
INSERT INTO `storehouses_products` VALUES (1,1,1,0,'1979-01-30 18:39:11','1983-03-12 11:30:27'),(2,2,2,0,'1971-08-26 08:49:44','2008-03-08 21:05:09'),(3,3,3,0,'2013-04-05 05:25:24','1987-11-27 07:25:51'),(4,4,4,556207874,'1985-12-18 23:22:35','1974-05-15 18:37:15'),(5,5,5,0,'2005-06-19 22:29:04','1988-01-21 21:08:53'),(6,6,6,698902,'1994-04-12 18:10:03','2001-02-01 22:26:39'),(7,7,7,29811839,'1982-12-21 15:40:04','2003-05-07 22:16:52'),(8,8,8,46440447,'1976-04-15 08:12:10','2005-09-03 10:40:17'),(9,9,9,363970555,'1998-01-13 20:34:18','1998-01-25 19:34:45'),(10,10,10,11367681,'1979-02-07 09:36:16','2004-04-12 05:06:29'),(11,11,11,70118,'1976-04-12 05:21:52','2011-11-10 19:27:58'),(12,12,12,224663781,'1973-10-19 01:45:02','1984-08-31 01:01:18'),(13,13,13,538138659,'2008-06-22 02:04:15','1974-12-15 15:03:54'),(14,14,14,10,'1982-05-09 06:46:29','1989-11-15 00:46:12'),(15,15,15,5133461,'1999-08-21 15:10:00','1983-03-15 12:04:15'),(16,16,16,65635530,'1990-12-20 21:09:23','1993-08-05 20:58:19'),(17,17,17,0,'1973-06-22 08:12:57','2018-02-26 08:34:03'),(18,18,18,36713,'1999-06-16 11:46:04','2005-05-04 02:22:45'),(19,19,19,6922,'2015-11-25 23:51:58','2018-09-29 07:58:26'),(20,20,20,0,'1981-08-30 01:51:51','1997-06-19 16:55:52'),(21,21,21,737443,'1980-06-30 23:36:18','1992-09-04 02:28:41'),(22,22,22,8,'1980-03-02 20:52:28','1993-09-26 04:05:46'),(23,23,23,0,'1988-03-28 02:54:49','2009-02-04 23:17:39'),(24,24,24,25791736,'2014-03-24 10:39:31','2008-01-12 04:18:49'),(25,25,25,23577708,'2000-09-09 05:17:36','1978-06-24 06:41:27'),(26,26,26,3234,'2014-09-29 08:22:44','2011-09-29 19:57:05'),(27,27,27,0,'2000-02-16 08:47:00','1984-07-15 12:10:56'),(28,28,28,5113669,'1988-12-06 02:42:16','1991-05-02 02:58:34'),(29,29,29,816,'1997-03-10 02:29:06','1978-11-17 09:36:11'),(30,30,30,2624,'2009-07-01 01:33:38','2013-05-06 17:23:36'),(31,31,31,32573424,'1985-11-23 05:17:43','1973-08-29 14:20:00'),(32,32,32,7884,'2009-03-17 18:24:25','2013-09-02 10:10:23'),(33,33,33,359764138,'2001-08-30 19:27:09','1973-06-08 04:01:07'),(34,34,34,1,'1987-08-21 23:05:30','1987-02-16 10:33:38'),(35,35,35,59802732,'1984-11-10 07:51:16','2001-05-08 01:00:00'),(36,36,36,4008650,'2004-01-13 04:11:46','1992-05-13 13:30:13'),(37,37,37,12,'1976-07-23 14:37:19','2017-01-21 10:22:21'),(38,38,38,26436,'1993-04-28 04:03:02','1975-06-18 16:35:29'),(39,39,39,6059,'1973-10-30 19:03:30','2009-10-25 23:00:41'),(40,40,40,536945960,'2001-04-14 07:18:50','1981-07-08 16:42:33'),(41,41,41,0,'1974-12-17 05:07:31','2004-10-20 01:40:58'),(42,42,42,2,'2008-11-03 12:56:26','1987-07-18 15:35:56'),(43,43,43,0,'2016-05-31 09:36:06','2017-04-11 17:47:45'),(44,44,44,4195,'1979-03-19 21:28:03','2009-07-04 02:02:50'),(45,45,45,319,'1995-04-17 07:28:28','1999-02-14 09:58:53'),(46,46,46,3,'1983-05-24 09:23:41','2001-08-27 20:33:05'),(47,47,47,13281,'2008-02-09 17:24:50','2000-10-19 12:56:04'),(48,48,48,1,'1979-09-28 14:54:41','1986-10-01 23:48:06'),(49,49,49,108,'2008-06-08 14:38:54','2010-05-06 16:33:30'),(50,50,50,0,'1980-03-28 23:26:00','1977-09-20 20:42:30'),(51,51,51,3,'1988-12-29 03:17:50','2015-06-16 11:08:55'),(52,52,52,15,'2005-09-12 19:34:03','2001-04-08 14:18:12'),(53,53,53,4511,'2011-11-13 18:44:30','2008-07-04 06:13:04'),(54,54,54,57,'2015-04-10 17:09:40','1993-09-25 06:55:15'),(55,55,55,38134787,'1976-03-11 06:00:57','2007-07-02 21:02:59'),(56,56,56,528960,'2016-11-18 22:54:31','1982-04-07 12:38:44'),(57,57,57,384,'1984-04-04 00:04:48','1998-06-18 16:12:09'),(58,58,58,4124,'1980-10-22 09:53:01','2007-06-13 13:14:16'),(59,59,59,95824,'1997-05-10 08:14:12','2010-03-22 12:14:49'),(60,60,60,0,'1988-03-21 20:12:47','2000-05-19 02:52:38'),(61,61,61,12188319,'1991-12-04 03:32:59','2013-06-02 22:49:05'),(62,62,62,43,'1990-08-16 08:06:55','2009-01-23 22:07:50'),(63,63,63,0,'2014-08-05 07:13:11','2012-08-17 00:41:54'),(64,64,64,0,'1974-08-12 01:08:55','1990-12-09 20:19:54'),(65,65,65,626657,'1999-11-25 02:14:20','1992-02-20 07:37:13'),(66,66,66,2,'2005-10-24 16:11:57','1974-05-30 09:13:23'),(67,67,67,220358,'2008-11-25 00:36:45','2016-02-22 10:19:26'),(68,68,68,432321,'1977-12-29 07:32:49','2001-06-27 02:12:24'),(69,69,69,690,'1974-05-18 11:44:16','1985-06-18 06:03:12'),(70,70,70,52,'1978-04-26 07:28:26','1974-10-08 19:19:40'),(71,71,71,0,'1996-05-30 19:45:31','1988-08-18 06:40:39'),(72,72,72,70,'2001-10-11 20:09:27','1994-07-13 19:19:34'),(73,73,73,0,'1995-06-12 09:51:46','2002-01-03 22:34:10'),(74,74,74,54184760,'2005-11-05 17:31:35','2004-09-26 15:02:34'),(75,75,75,0,'1974-06-28 21:36:54','1971-06-06 09:55:19'),(76,76,76,0,'1997-04-02 23:35:33','1979-02-09 00:52:14'),(77,77,77,10130938,'1977-10-26 06:24:29','1987-03-30 20:32:34'),(78,78,78,441,'2003-10-21 05:04:47','2005-01-20 23:11:59'),(79,79,79,165689,'1980-01-06 16:07:35','2010-11-08 06:34:46'),(80,80,80,27033862,'2015-02-02 06:53:03','1971-01-28 10:30:22'),(81,81,81,655,'2000-05-13 07:08:42','1986-07-06 14:29:11'),(82,82,82,55617,'1983-11-13 12:19:06','2014-10-28 15:26:12'),(83,83,83,43742748,'2013-02-27 15:44:10','2005-12-27 01:50:24'),(84,84,84,49,'2012-11-24 13:52:17','1996-05-07 20:26:34'),(85,85,85,24689,'2011-10-13 16:45:22','1973-04-24 23:02:43'),(86,86,86,0,'1988-04-24 04:20:40','1997-08-29 04:37:42'),(87,87,87,16,'2009-10-08 04:32:55','1991-03-30 13:34:35'),(88,88,88,2,'1984-10-15 01:08:05','1974-08-10 01:47:44'),(89,89,89,1192941,'2018-11-08 14:05:53','1999-07-14 19:52:42'),(90,90,90,392176,'1995-12-04 12:38:50','1991-01-01 22:41:18'),(91,91,91,1,'1992-08-02 07:19:59','1994-06-12 01:50:28'),(92,92,92,2,'1982-06-09 13:07:49','1988-05-27 07:37:31'),(93,93,93,203,'2014-02-22 18:25:05','1978-08-23 14:01:18'),(94,94,94,0,'2017-12-16 05:06:25','1991-11-10 15:29:09'),(95,95,95,2443330,'1970-08-14 16:11:53','1970-01-23 09:21:17'),(96,96,96,35682166,'2011-12-15 10:24:28','2003-06-26 13:49:28'),(97,97,97,2414004,'2010-07-16 18:15:38','2004-11-04 04:46:21'),(98,98,98,73467,'1985-11-13 11:31:18','2001-05-29 13:43:33'),(99,99,99,213573264,'1972-07-24 16:50:49','1993-03-10 01:30:33'),(100,100,100,701764,'2006-05-29 07:47:04','1970-11-25 10:54:42');
/*!40000 ALTER TABLE `storehouses_products` ENABLE KEYS */;
UNLOCK TABLES;

--
-- Table structure for table `users`
--

DROP TABLE IF EXISTS `users`;
/*!40101 SET @saved_cs_client     = @@character_set_client */;
/*!40101 SET character_set_client = utf8 */;
CREATE TABLE `users` (
  `id` bigint(20) unsigned NOT NULL AUTO_INCREMENT,
  `name` varchar(255) COLLATE utf8_unicode_ci DEFAULT NULL COMMENT 'Имя покупателя',
  `birthday_at` date DEFAULT NULL COMMENT 'Дата рождения',
  `created_at` datetime DEFAULT current_timestamp(),
  `updated_at` datetime DEFAULT current_timestamp() ON UPDATE current_timestamp(),
  PRIMARY KEY (`id`)
) ENGINE=InnoDB AUTO_INCREMENT=101 DEFAULT CHARSET=utf8 COLLATE=utf8_unicode_ci COMMENT='Покупатели';
/*!40101 SET character_set_client = @saved_cs_client */;

--
-- Dumping data for table `users`
--

LOCK TABLES `users` WRITE;
/*!40000 ALTER TABLE `users` DISABLE KEYS */;
INSERT INTO `users` VALUES (1,'Elissa Bartoletti','1980-06-10','2015-11-24 06:20:02','1989-11-12 05:34:04'),(2,'Enrico Blanda','1974-04-09','1983-11-29 21:20:34','2006-12-12 11:49:28'),(3,'Claud Abbott','1979-11-02','1981-06-26 12:45:16','1984-09-08 01:46:37'),(4,'Horacio Feil','1973-05-07','1999-06-20 05:55:29','2006-06-13 10:05:08'),(5,'Jaunita McClure','2011-04-30','1988-01-11 12:20:54','2018-01-13 09:43:15'),(6,'Louie Auer','1986-01-03','1970-11-22 04:33:18','1976-12-29 07:18:43'),(7,'Darrick Wintheiser DDS','1992-07-16','1983-06-23 06:44:34','2017-09-22 02:04:21'),(8,'Jessika Feil','1988-01-04','1978-10-09 22:27:17','1986-10-21 18:06:31'),(9,'Meda Yundt','1999-09-08','1985-11-22 23:31:26','2001-06-17 21:10:10'),(10,'Dr. Reta Becker','1981-09-14','1971-10-01 09:47:39','1985-12-22 08:52:11'),(11,'Teagan Ernser','1987-02-03','1994-09-20 16:36:39','2008-10-10 23:44:22'),(12,'Gia Ondricka','2015-10-12','1981-10-09 13:50:11','1972-01-09 10:54:34'),(13,'Karen Price','1996-03-12','1983-11-25 14:02:03','1990-04-17 04:05:36'),(14,'Milford Yost','1974-10-17','1993-07-08 10:57:00','1996-06-13 02:47:04'),(15,'Camilla Lynch','1998-04-25','1980-10-30 14:01:28','1974-05-28 19:01:24'),(16,'Candelario Wyman','1998-02-01','1996-01-20 08:13:45','1975-04-01 13:12:52'),(17,'Donnell Abernathy MD','2004-11-18','1994-04-28 16:22:02','1996-06-29 18:03:08'),(18,'Liliane Quitzon','2017-06-20','1996-12-13 10:56:30','1975-11-14 21:33:30'),(19,'Velva Veum Jr.','1976-03-14','1974-03-18 23:21:19','1973-07-28 13:38:50'),(20,'Shad Larson','2007-06-14','1992-08-16 23:21:48','1973-08-16 22:40:54'),(21,'Milan Fay','1996-09-25','1971-11-16 00:14:50','1981-01-21 15:53:53'),(22,'Mr. Brown Jaskolski','1999-12-23','1974-08-21 04:13:50','2011-05-27 14:31:32'),(23,'Bridie Bechtelar V','1983-05-14','1992-05-24 14:19:46','1984-10-26 22:49:25'),(24,'Logan Kling','1970-09-02','2005-07-12 17:29:47','2011-01-29 13:42:41'),(25,'Cathy Paucek','2003-10-31','2004-05-20 15:20:02','2008-11-02 19:37:58'),(26,'Sandy Mills','1980-07-05','1990-02-04 11:16:07','1986-08-20 17:45:14'),(27,'Raymundo Davis','1985-10-19','1985-01-07 09:22:04','2007-10-19 18:22:26'),(28,'Emmitt Parisian','2018-01-07','1992-12-11 12:28:38','1983-06-27 20:10:52'),(29,'Pansy Haley','1980-12-01','1997-05-31 01:29:05','1982-01-24 07:54:26'),(30,'Meta Effertz','1994-12-05','1982-08-08 14:07:28','1998-07-09 18:17:12'),(31,'Elisabeth Christiansen','1974-11-20','1980-08-21 21:04:25','2015-08-25 21:45:52'),(32,'Bianka Legros III','1981-01-30','2014-05-27 05:05:58','1987-12-12 14:43:49'),(33,'Mr. Price Schimmel','1990-02-20','1987-11-02 22:11:33','1991-08-21 04:51:40'),(34,'Vivien Koepp','2013-10-25','1980-04-18 08:04:15','1987-08-14 09:42:45'),(35,'Dr. Briana McGlynn','1980-11-10','1971-03-26 09:48:45','1991-05-28 01:11:26'),(36,'Verlie Schoen','1974-05-11','2012-02-28 19:14:01','1976-07-15 05:54:23'),(37,'Prof. Johathan Jaskolski Sr.','2006-12-09','1970-09-23 20:58:57','2017-05-02 13:50:35'),(38,'Erna Harris','1985-10-28','1979-06-24 15:16:02','1988-11-19 06:19:10'),(39,'Mercedes Murazik','1979-08-26','1972-03-11 10:20:47','2001-12-04 19:42:17'),(40,'Mrs. Audra Roob','1970-07-08','1994-11-15 13:54:44','1981-07-03 22:36:21'),(41,'Nelson Fahey','1994-12-08','1989-07-16 08:20:30','2001-02-21 08:07:14'),(42,'Beaulah Pfeffer','1984-04-13','1976-10-28 14:18:17','1993-04-07 13:52:04'),(43,'London King','2004-07-12','2012-12-02 02:32:48','1979-06-18 06:42:46'),(44,'Rosetta Pagac','1971-11-21','1989-08-09 22:59:18','1984-10-25 09:44:41'),(45,'Miss Mozell Cartwright','2011-04-23','1996-10-18 12:12:31','2012-01-09 23:17:37'),(46,'George Roob','1995-04-30','1982-05-15 18:58:23','2010-04-01 22:57:36'),(47,'Julien Rau','2014-06-10','1981-04-01 21:53:24','1986-09-24 23:03:30'),(48,'Prof. Stuart Paucek','1975-08-21','2017-01-03 01:50:23','1996-07-22 06:56:43'),(49,'Dr. Jasmin Legros Sr.','1981-07-10','2017-08-28 02:26:41','1984-01-10 19:00:59'),(50,'Akeem Collins DDS','1993-01-10','1980-05-16 11:37:59','2001-01-17 17:49:38'),(51,'Jerald Friesen Sr.','1980-11-30','2012-12-24 09:25:07','2010-06-16 01:44:32'),(52,'Lilliana Trantow','1980-10-23','2012-09-18 12:59:15','1979-01-07 06:38:58'),(53,'Mrs. Monica Streich','1977-10-26','2005-07-17 02:28:35','1987-08-14 20:55:00'),(54,'Rollin Hills','2016-09-05','1978-10-30 01:05:45','2000-10-07 05:08:47'),(55,'Katlynn Nolan Jr.','1982-04-27','1982-11-19 06:49:07','1970-11-01 11:32:58'),(56,'Jalen Bergnaum','1990-12-16','1976-05-20 01:51:39','1982-06-30 04:18:38'),(57,'Mr. Elliot Jakubowski IV','1981-11-26','2006-01-29 17:23:47','2000-01-10 01:33:49'),(58,'Prof. Justyn Rutherford','1995-09-19','1974-11-27 13:17:01','2017-11-05 10:33:51'),(59,'Cletus Hamill','1975-09-19','1986-08-10 18:49:06','1976-03-20 02:42:49'),(60,'Donna Friesen','1974-08-22','1995-12-10 19:42:54','2018-02-02 14:51:54'),(61,'Ms. Rose Vandervort DDS','1971-10-06','1975-02-13 19:31:39','2006-11-26 15:35:24'),(62,'Schuyler Deckow','1970-10-12','2016-04-12 03:21:14','2007-03-08 14:41:17'),(63,'Susanna Baumbach','2001-05-01','1999-08-10 00:17:47','1980-04-29 13:52:25'),(64,'Francesco Heaney','1970-04-28','1996-01-29 04:35:34','2003-11-14 00:53:03'),(65,'Susanna Rutherford','2019-02-21','2000-10-15 00:32:10','1988-04-09 22:13:15'),(66,'Lambert Raynor','1997-02-03','2019-06-10 03:30:46','1976-10-17 16:44:39'),(67,'Sigrid Dare','1976-04-26','1994-07-05 19:01:12','1976-06-13 13:32:49'),(68,'Fay Powlowski','1971-09-23','2013-08-27 04:42:24','1984-10-04 05:42:03'),(69,'Veronica Wuckert','1987-11-06','1985-06-22 12:11:23','2003-07-19 22:35:07'),(70,'Diana Schneider','1993-10-07','2003-06-24 05:00:55','1988-01-13 03:51:58'),(71,'Miss Paula Rippin I','1988-12-03','2003-10-05 06:04:04','2016-01-14 08:06:42'),(72,'Mrs. Otilia Goodwin V','2008-07-22','2015-01-19 10:47:14','2012-11-22 20:12:22'),(73,'Mr. Mateo Bednar I','1984-07-12','2011-01-26 14:16:16','1990-07-23 05:23:46'),(74,'Aiden Kemmer','2012-01-11','2017-04-13 05:06:10','2017-02-26 09:27:02'),(75,'Fredrick Tromp','1986-04-07','2008-05-29 18:36:37','1998-07-24 01:26:01'),(76,'Hollis Durgan IV','2003-07-13','1996-02-24 17:44:36','1993-01-02 20:59:44'),(77,'Deanna McDermott','1983-07-27','1973-05-20 22:04:32','2010-07-01 21:46:57'),(78,'Dr. Myah Kris DVM','1976-01-09','1995-08-30 07:35:42','1982-04-07 16:40:52'),(79,'Sandra Hills','2001-11-05','2000-07-02 16:20:35','1978-08-30 04:59:56'),(80,'Bud Ledner','2018-08-26','2016-03-21 20:13:30','1974-12-13 01:03:44'),(81,'Mona Rippin','1991-03-28','1984-10-23 03:49:53','2001-09-29 17:32:53'),(82,'Vivian Donnelly','2016-11-10','1986-03-27 23:12:57','1977-09-02 17:25:19'),(83,'Delfina Sauer','1985-07-19','1993-05-20 15:35:25','1975-08-12 07:57:31'),(84,'Maymie Conn','1988-12-24','1978-11-10 11:41:58','1984-11-18 23:33:20'),(85,'Jarret Kovacek','2016-01-12','1992-10-09 05:02:17','1985-05-19 07:50:41'),(86,'Melyssa Dooley II','1978-02-16','1998-06-16 09:49:09','1978-09-05 22:59:59'),(87,'Trace Towne','2010-04-15','1995-08-28 20:57:52','2015-05-31 04:33:02'),(88,'Stone Sawayn','2002-05-05','1976-12-09 10:47:26','2011-04-07 13:34:37'),(89,'Rey Lindgren','1993-08-23','2011-08-21 18:05:01','1972-06-15 19:31:46'),(90,'Dr. Janelle Cormier','2009-10-23','2015-11-21 08:28:04','1984-10-30 22:25:02'),(91,'Paul Steuber IV','1980-10-05','2000-12-17 15:15:13','1978-02-09 08:47:25'),(92,'Chaz Rippin','1990-06-13','2004-11-23 03:06:53','1994-03-14 08:08:58'),(93,'Ms. Malvina Cassin','1990-04-09','2010-11-19 15:25:47','2013-07-01 07:24:01'),(94,'Lilyan Murphy','1993-12-10','2012-05-14 01:30:11','2006-03-10 21:08:58'),(95,'Prof. Eveline Crist I','1980-05-22','2014-09-30 09:30:43','1993-03-29 20:45:44'),(96,'Valentin Langworth','1986-06-19','1972-12-26 10:08:24','1993-08-26 09:03:05'),(97,'Johnny Harris','1971-10-09','1977-03-21 00:31:49','1980-10-05 12:17:32'),(98,'Gerardo Rutherford','2016-08-26','1975-05-24 12:50:40','1980-01-13 13:35:33'),(99,'Rebeca Carter','1974-08-02','2014-05-29 19:03:35','1980-01-22 09:26:32'),(100,'Joany Mante','2002-10-08','1973-04-07 16:55:11','1983-09-17 16:50:59');
/*!40000 ALTER TABLE `users` ENABLE KEYS */;
UNLOCK TABLES;
/*!40103 SET TIME_ZONE=@OLD_TIME_ZONE */;

/*!40101 SET SQL_MODE=@OLD_SQL_MODE */;
/*!40014 SET FOREIGN_KEY_CHECKS=@OLD_FOREIGN_KEY_CHECKS */;
/*!40014 SET UNIQUE_CHECKS=@OLD_UNIQUE_CHECKS */;
/*!40101 SET CHARACTER_SET_CLIENT=@OLD_CHARACTER_SET_CLIENT */;
/*!40101 SET CHARACTER_SET_RESULTS=@OLD_CHARACTER_SET_RESULTS */;
/*!40101 SET COLLATION_CONNECTION=@OLD_COLLATION_CONNECTION */;
/*!40111 SET SQL_NOTES=@OLD_SQL_NOTES */;

-- Dump completed on 2019-10-27  8:12:53
